shop_name,shop_adr
メーヤウ 桐店,長野県松本市桐1-2-35小松プラザ１Ｆ
パッタイ,山梨県甲府市貢川1-3-18
タイレストラン&ウドンストア,新潟県中央区鳥屋野2-17-28
パシカポーン,群馬県伊勢崎市柴町1040-1
クンポー,茨城県つくば市大字上横場356-1
居酒屋 福兵衛,栃木県宇都宮市本町6-1大野ビル２Ｆ
タイレストラント・パブ・アロイ・ディー,福島県いわき市平字田町1-15
Kinnaree,宮城県仙台市青葉区一番町1-6-22シャンボール一番町B1F
Ｂａｉｍａｋｒｕｔ,岩手県盛岡市中ノ橋通1-4-22中の橋106ビル101
グラープ,山形県米沢市城南1-7-76
無国籍喫茶　フォーチュン,						山形県山形市千歳１－１６－３８　1F
カフェくるくま,沖縄県南城市知念知念1180-2
ブロックＭ,北海道釧路市錦町2-4Ｍｏｏ１Ｆ
くい亭,北海道旭川市4条通15
大国屋,北海道函館市弁天町13-6
南風食堂,北海道札幌市中央区南3条東1-1-6
孔子餐店,北海道札幌市北区北十四条西4-11-12北大病院前ビル２Ｆ
JICA帯広国際センターレストラン,北海道帯広市西20条南6-1
チャクラ,北海道札幌市中央区南二条東1-1-6Ｍ’ｓ二条横丁２Ｆ
本格タイ料理バル　puan　  ,						東京都世田谷区太子堂２-23-5 2F
本格タイ料理バンコク　新宿東口店,						東京都新宿区歌舞伎町１-3-15ザカテリーナビル1F
タイ料理　チャンパーカフェ　サブナード店,						東京都新宿区歌舞伎町１サブナード地下街
タイ屋台料理　ＴＩＮＵＮ　錦糸町店,						東京都墨田区太平４-1-2　オリナス錦糸町 3F
タイ料理　オーキッド　池袋西口店,						東京都豊島区西池袋１-21-13-B1
タイ料理　ティーヌンキッチン　西新宿店,						東京都新宿区西新宿７-7-7 ハイライフ西新宿107
タイ家庭料理 クルア チョントーン,						東京都北区赤羽１－１０－２　パレスビルB１－１
インドネパール料理&居酒屋フルバリ清瀬,						東京都清瀬市松山１-15-6 宮ビル1F
ベトナムビストロ バンフィールド 小石川後楽園    （Vang Field）,						東京都文京区小石川１-16-6 サンクタス小石川プレサイス1階
タイ料理・インド料理　Asiatique　（アジアティーク）　立川店,						東京都立川市曙町２-11-2-101 フロムchubu 1F
タイ田舎料理　クンヤー,						東京都豊島区池袋２-４-１越路ビル２F
アジア料理ラマ　井草,						東京都杉並区井草３-23-3
天然アジア料理 エバーグリーン,						東京都世田谷区桜新町１-12-9 2F
Sama Sama Warung,千葉県松戸市常盤平5-17-10シャルネ９５１Ｆ
Rab.cafe,埼玉県さいたま市大宮区大門町2-23
ベトバル,						東京都新宿区西早稲田３-20-4 金子ビル２階
Asian　Tao　（アジアン タオ）,						東京都豊島区東池袋１-２‐６ １・２F
HELLO PHO,						東京都荒川区荒川７-３９－２ミツトヨ町屋ビル２階
ハノイ　新宿店,						東京都新宿区歌舞伎町１-12-6 歌舞伎町ビルB1F
アン　ナン（AN　NAM）,						東京都板橋区成増２丁目５－３グリーンヒル１０１
GOI　CUON,						東京都荒川区南千住６-59-19SSKグリーンパーク荒川1F
でですけ　サイゴンキッチン,						東京都中央区日本橋室町１－１１－４
Asian Table&Bar　REN,						東京都品川区南大井６-19-10 岳南大森ビル1F
サイゴン　マジェスティック,						東京都墨田区錦糸３-３-９イースト錦糸町ビル4F
BAMI　OISHI　浜田山店,						東京都杉並区浜田山３‐24-7
BAMI　OISHI　大久保店,						東京都新宿区百人町２-23-5
ホァングン　渋谷文化村通り店,						東京都渋谷区道玄坂２-25-10 6F
タイ料理 シーロム ソイ ９（ガオ）,						東京都港区東新橋１-9-1 東京汐留ビルディング ペディ汐留2F
タイ料理　THai THai　（タイタイ） ,						東京都大田区上池台１－６－４
タイ料理　THAI　DINING　Plaloma　渋谷店,						東京都渋谷区桜丘町３０－１５　ビバリーヒルズ１０１
ハヌマン　石川台店,						東京都大田区東雪谷２-14-1
カオサン　渋谷宮益坂　（シブヤミヤマスザカ）,						東京都渋谷区渋谷１-8-5　小山ビル2F
用賀タイ食堂,						東京都世田谷区用賀３-15-11　アルス用賀3丁目-103
nico☆バインミー,						東京都中央区日本橋小舟町11-3　大村ビル1F
炭火焼肉 Tao,						東京都豊島区東池袋１－２－６　B1
ワンチャン　タイレストラン,						東京都中央区日本橋人形町１-19-3-1F
バンコクバール　スクンビット・ソイ　39　霞ダイニング,						東京都千代田区霞が関３－２－５　霞が関ビル１階　霞ダイニング
マンゴツリーカフェ　アーバンドック　ららぽーと豊洲,						東京都江東区豊洲２－4－9　アーバンドック　ららぽーと豊洲３F
シンガポール　ホーカーズ,						東京都立川市柴崎町２-3-7　松本ビル2階
Chao Hanoi  （チャオハノイ）,						東京都新宿区高田馬場１-6-15　荒井ビルB１
rongsuraタイ1950's　ローンスラー,						東京都世田谷区北沢２－１７－１４　下北沢センタービル３F
いなかむら新御徒町店,						東京都台東区台東４-3-1
カオマンガイ,						東京都立川市柴崎町２－２－１３　ＦＫＫ柴崎町１Ｆ
ハノイフォー,						東京都豊島区巣鴨１-17-8NZ1178B1
Thai Cuisine Prince ∞ PrinCess　お台場アクアシティ店,						東京都港区台場１-7-1　アクアシティお台場6F
ブルースカイタイランド,						東京都台東区上野３‐７‐４　水谷ビル１Ｆ
ASIAN TAWAN　神楽坂,						東京都新宿区神楽坂５-30 ファン神楽坂２　２Ｆ
新大久保　アジア屋台村,						東京都新宿区百人町１-11-28　大長今ビル1階
Thai Garden 渋谷,						東京都渋谷区宇田川町２４－１０　Ｂ１Ｆ
アジアンダイニング　シルザナ　市ヶ谷,						東京都千代田区九段南４-7-22
チャオパクチー,						東京都世田谷区北沢２-6-6 澤田ビルB1F
GREEN ASIA　グリーンアジア　六本木ヒルズ,						東京都港区六本木６－１０－１　六本木ヒルズ　ヒルサイドＢ１
アジアンダイニング サンティ,						東京都文京区本郷５丁目25-18太平赤門前ビル
ガウタムブッダ　中野新橋,						東京都中野区弥生町２-19-16
Bua de Thai　ブアデタイ,						東京都港区新橋３-23-４　２F
タイレストラン ルアンマイ,						東京都板橋区大山町5-10東京ビル3F
アジアンパーム,						東京都北区赤羽２-16-1　スズオリビルB1F
タイレストラン　沌　（トン）　コレド日本橋,						東京都中央区日本橋１－４－１　コレド日本橋4F
タイレストラン イムサイアム,						東京都板橋区常盤台１-5-7 山口ビル1階
SIAM CELADON（サイアムセラドン）東京,						東京都千代田区丸の内１-8-2　鉄鋼ビルB1
アジアYATAIYA,神奈川県横浜市中区末吉町2-29-2
ジャスミンパレス 町田店 （JASMINE PALACE）,						東京都町田市原町田６-2-6 町田モディ 9階
グリーンパッタイ　神田店,						東京都千代田区神田駿河台３－７－１５　大場ビル１Ｆ
asian asian,						東京都足立区綾瀬２-24-11
SIAM CELADON （サイアムセラドン）　新宿タカシマヤ店,						東京都渋谷区千駄ヶ谷５－２４－２　タカシマヤタイムズスクエア１２階
カオマンガイ　16号,						東京都福生市福生2270
ディルクス,						東京都足立区扇２-3-17
カオマンガイ　バザール　三鷹店,						東京都武蔵野市中町１-3-2　ハウスプランニングビル１F
シヤー・トムヤムクン・ポーチャナー,						東京都台東区上野６-16-7DB-3F
マンゴツリーカフェ　ルミネ池袋店,						東京都豊島区西池袋１-11-1 ルミネ池袋「イケレス8&9」9Ｆ
バーン・カオケン,						東京都豊島区池袋２-62-3
ThaiDining555,						東京都新宿区西早稲田２-４-１９ 日本UBF1F
アジアンミントカフェ,						東京都墨田区江東橋１-７-２０
タイキッチン アロイ 天王洲アイル,						東京都品川区東品川２丁目３－１０シーフォートスクエア１Ｆ
ハヌマン 久が原店,						東京都大田区久が原３-40-4
THAI RESTAURANT BAN-THAI (タイレストラン　バンタイ）,						東京都新宿区歌舞伎町１‐23‐14　第一メトロビル3F 
GREEN ASIA TOKYO グリーンアジア　トウキョウ ,						東京都江東区青海１-3-15 ヴィーナスフォート 3F
スアータイ,						東京都新宿区新宿３－１２－４　熊三ビル２Ｆ
アジアン居酒屋 ジャラナ 木場・東陽町店,						東京都江東区南砂２-1-2
Shapla　神田店,						東京都千代田区鍛冶町２‐７‐６　リッツビル２Ｆ
ティーヌン　神保町店,						東京都千代田区神田神保町１-6 樋谷ビルB1
Muu Tokyo,						東京都港区芝４-13-13 西島1階2階
アジアン居酒屋ぷうじゃ 水道橋店,						東京都千代田区神田三崎町３－７－１４
バンコクスパイス　中目黒店,						東京都目黒区青葉台２－２１－９　１F
Monsoon Cafe　（モンスーンカフェ）　代官山,						東京都渋谷区鉢山町15-4
ZaaB (サップ)　駒込,						東京都文京区本駒込２－２８－２３　吉武ビル１F
タイアヨタヤレストラン,						東京都立川市柴崎町２-2-5　あすなろTビル2F
カオマンガイバザール立川店,						東京都立川市曙町２‐14‐10エトロアビル5F
トーン・ハー,						東京都江東区亀戸６－９－７
イム　アロイ　中目黒,						東京都目黒区青葉台１‐２１‐６　２Ｆ
ThaiFood＆Bar ロータス エイジア,						東京都目黒区鷹番２-20-8 モンテローザビル　2F 
アジアン居酒屋ジャラナ　飯田橋店,						東京都新宿区揚場町1-16 ヤマジハンテンビル
アジアン居酒屋ぷうじゃ　田端店,						東京都北区田端新町１-30-3
ラーンナー タイレストラン,						東京都品川区西五反田１-7-1 リピオ五反田プラグマGタワーB103
MMテーブル,						東京都武蔵村山市大南２－４７－２３
RoiKhon,						東京都港区浜松町１-29-6 セントラルビル　Ｂ１Ｆ
炭火焼アジアン酒場　アローイ兄弟　ほぼ新宿のれん街店,						東京都渋谷区千駄ヶ谷５-20-21 ほぼ新宿のれん街
sita  中目黒,						東京都目黒区上目黒１-20-2
Royalthali Asian restaurant & Bar 新橋店,						東京都港区新橋６-7-1
シリジャナ （SRIJANA）東久留米店,						東京都東久留米市本町１-3-30メランプスビル2F
チャンパー　伊勢丹会館,						東京都新宿区新宿３-15-17 伊勢丹会館 4F
バーンサイアム,						東京都調布市国領町４-8-7
アンコール・トム　町田店,						東京都町田市原町田６-11-14 菊甚ビル３F
メナムのほとり神保町本店,						東京都千代田区神田神保町２－１岩波神保町ビル別館1F
ラーチャプルック,						東京都渋谷区恵比寿南１-4-4 TIMEZONEビル　小町ビル　３F
バンコクキッチン　有楽町店,						東京都中央区銀座３－２－１５ギンザ・グラッセ８階
エスニックダイニング　ガルーダ,						東京都品川区西五反田１-17-1 第2東栄ビル 302
プーアン池袋,						東京都豊島区東池袋１-13-9鳥駒第2ビル３Ｆ
タイレストラン　沌（とん）　ＰＣＰ丸の内店,						東京都千代田区丸の内１－１１－１　ＰＣＰ　Ｂ１（鉄道会館/グランアージュ）
東京屋台,						東京都千代田区丸の内１-9-1 東京駅八重洲北口２Ｆ
ニルワナム　有明店,						東京都江東区有明３-5-7　ＴＯＣ有明3Ｆ
フォーNANA,						東京都国立市中１-10-5金水ビル4F
杏's　cafe,						東京都小平市花小金井１-3-14　カーサT102
モンスーンカフェ　Monsoon Cafe　お台場,						東京都港区台場１－7－１　アクアシティ内メディアージュ４F
チャーンタイ,						東京都墨田区錦糸４－１１－６　佐々木ビル１・２階
アジアン居酒屋ナマステさくら 幡ヶ谷店,						東京都渋谷区本町６丁目36-5
タイかぶれ食堂,						東京都北区赤羽２-1-19青柳エンパイヤビル２F
呑み喰い亭 あいねぇ～ 幡ヶ谷店,						東京都渋谷区西原２-２８-４宮嶋ビル１０５
KHANA KHAJA UENO（カナ・カジャ）インドアジア居酒屋 上野御徒町店,						東京都台東区上野６-１-6 グリーンハイツビル B1F
インディアンレストラン　ターズ,						東京都町田市木曽東２丁目２－１
アジアン屋台　チャオサイゴンパリバール　中野坂上,						東京都中野区本町２-54-13
スアンサワン,						東京都品川区東五反田４-10-9
あろいなたべた aroyna tabeta,						東京都千代田区内神田３-８-７　星座ビル２F
チャイヤイ,						東京都足立区千住２－１　コスモ北千住１０１
バーンキラオパラダイス,						東京都新宿区新宿２-15-15新宿ヤマトビルＢ１
Asian Cuisine A.O.C.麻布十番,						東京都港区麻布十番１-2-1　ボヌール麻生十番1Ｆ
ソウルフードバンコク 新大久保店,						東京都新宿区大久保２-32-23-1F
タイ国王認定レストラン　ペパーミントカフェ　吉祥寺店,						東京都武蔵野市吉祥寺南町１-15-14　グランメゾン吉祥寺B１Ｆ
Monsoon Cafe　（モンスーンカフェ）　G-Zone銀座店,						東京都中央区銀座１-2-3 G-Zone銀座（ジーゾーン）
リトル　ムンバイ,						東京都豊島区南大塚２-40-3
ランブータン 新宿店,						東京都新宿区新宿３-26-13 新宿中村屋ビル 7F
スパイシー＆ハーブ 居酒屋 フルバリ 亀戸,						東京都江東区亀戸９-6-19
アジアンタワン168　カレッタ汐留　,						東京都港区東新橋１-8-2 カレッタ汐留B2F
ZAIKA,						東京都板橋区徳丸３-1-18　粕谷電器ビル2F
バーンキラオ　国立店,						東京都国立市東１-6-2 Y'sVISION2F
Ｔｈａｉ　Ｆｏｏｄ　Ｃａｆｅ　シミラン,						東京都世田谷区玉川２－２１－１　ライズオークモール２Ｆ
cafe&studio　さるやすみ,						東京都台東区浅草橋１-5-8 LYビル1F
Bangkok Cafe Tokyo （バンコクカフェ東京）,						東京都江東区大島５-３３-８　メゾンアイエス１階
パラベッシュ,						東京都渋谷区笹塚２丁目２２-９
ソイ六本木,						東京都港区六本木３-３-６
アジアンビストロ Dai 東京ガーデンテラス店,						東京都千代田区紀尾井町1-2 紀尾井テラス2F
伽藍Bar,						東京都中央区銀座６-4-8 曽根ビルB2F
エスニックパーティー&ダイニングバー　SAPANA 赤坂店,						東京都千代田区永田町２-13-10　プルデンシャルタワー1F
チキンとワインと世界のビール Jharana～ジャラナ～ 渋谷店,						東京都目黒区青葉台２-1-1 ヴェルエ青葉台2階
TSUBAKI GARDEN　渋谷東口店,						東京都渋谷区東１-３-１　カミニート 4号
バンコク食堂　アロイチンチン,						東京都町田市原町田４－７－２
旅人食堂　立川店,						東京都立川市曙町２－１６－６
テラス＆ビアガーデン 肉バル アガリコ 新宿店,						東京都新宿区新宿３-9-9 1F
エスニックビストロ　Asiatique　（アジアティーク）　神楽坂店,						東京都文京区関口１-15-1　ミサオビル1F
多国籍居酒屋 リトル・ヒマラヤ,						東京都品川区東中延２-7-15 グレイスコート1F
マンゴツリーカフェ　上野,						東京都台東区上野７-1-1　アトレ上野 ２F 
モンスーンカフェ　Monsoon Cafe　表参道,						東京都港区北青山３-６-２６ 佐藤ビル １階
Masala Kitchen（マサラキッチン）,						東京都渋谷区広尾５-５－１　広尾いがらしビル　B１
サンパ,						東京都杉並区荻窪５－１６－２３
パパイヤリーフ　丸の内ビル店,						東京都千代田区丸の内２－４－１　丸の内ビルディング５Ｆ
パパイヤリーフ東京　渋谷ヒカリエ店,						東京都渋谷区渋谷２‐２１-1渋谷ヒカリエ６F
サイアムヘリテイジ　新丸ビル,						東京都千代田区丸の内１－５－１　新丸の内ビルディング６Ｆ
サイゴン　丸の内店,						東京都千代田区丸の内１－４－５　三菱UFJ信託銀行本店ビルB1
中野　タイ料理　タイ屋台999（カオカオカオ）,						東京都中野区中野５-53-10　エイトゥリービル1F
タイ料理とお酒　ヤムヤムサイアム　神保町,						東京都千代田区一ツ橋２－６－１１ 金正ビル１階
PHO HANOI　（フォーハノイ）,						東京都足立区千住旭町42-2 ルミネ北千住8F
獨壹荘,						東京都杉並区梅里２‐３‐７‐１０４
タイ料理　シリパイリン　Siri pailin,						東京都渋谷区宇田川町３２－６　ナガサキビル３Ｆ
スパイス料理＆世界のビール サモサ お花茶屋店,						東京都葛飾区お花茶屋１丁目20-2
ロータスパレス　東武百貨店　池袋店,						東京都豊島区西池袋１－１－２５　スパイス池袋東武１１Ｆ
タイ料理バンセーンアロイチンチン西新橋店,						東京都港区西新橋２-１１-８　内田ビル1F
ヴェトナム料理　モッハイバー　Mothaiba,						東京都中野区中野５-54-5　エマハートビル2F
広東料理 百菜,						東京都大田区大森北１-12-7 エンゼルハイム大森102
タイ国料理　ライカノ,						東京都足立区千住２丁目６２
タイ国屋台料理　ソンクラン,						東京都目黒区鷹番３-７-４ ２Ｆ
タイ料理バンセーン新橋店,						東京都港区西新橋１-6-6　川山ビル1階
呑めるタイ料理屋　ラコタ,						東京都武蔵野市吉祥寺本町１‐２２‐１０　寿々木ビル１Ｆ
沖縄料理・越南(ベトナム)料理　うぶすな-UBUSUNA 代々木公園,						東京都渋谷区上原１－１－２０ １Ｆ
サイゴン　上町店,						東京都世田谷区世田谷３‐３‐５
Pensri's Kitchen　ペンシーズキッチン　ルミネ池袋,						東京都豊島区西池袋１-11-1 ルミネ池袋　8F　イケレス内
ティーヌン　市ヶ谷店,						東京都千代田区九段北４-2-15 市ヶ谷プラザビル１F
ラックタイペェンロイ,						東京都品川区西五反田１‐２４‐１
サイゴン,						東京都狛江市岩戸南１‐２‐６
マンゴツリーキッチン　グランスタ,						東京都千代田区丸の内１-9-1　ＪＲ東日本東京駅構内B1GRANSTA内 
SiAM　シャム,						東京都千代田区有楽町１－６－１　第２日比谷ビル１０Ｆ
バンコクエクスプレス,						東京都千代田区大手町１-6-1　大手町ビルB2階
タイランド,						東京都墨田区錦糸３-１２-１０
ラックタイ　高輪店,						東京都港区高輪３‐２５‐２７　Ｂ１Ｆ
ニャーヴェトナム・本店,						東京都渋谷区恵比寿南１－９－３
チャオ　チェンマイ,						東京都武蔵野市吉祥寺南町１－８－１１　弥生ビル１Ｆ
サームロット,						東京都新宿区歌舞伎町１－２－１９　三権ビル２Ｆ
ラックタイ　品川グランパサージュ店,						東京都港区港南２‐１６‐５　三菱重工ビル　品川グランパサージュ２　Ｂ１Ｆ
クロープクルア,						東京都台東区浅草１-33-4　　斉藤ビル２Ｆ
ゲウチャイ,						東京都墨田区江東橋２－１５－４
バンコクキッチン 赤坂店,						東京都港区赤坂４‐１５‐１赤坂ガーデンシティーＢ１Ｆ 
Sawaddee Chao,						東京都西東京市田無町２－９－１　大森ビル1F
ソウルフードバンコク,						東京都目黒区東山３－１５－２　第２ソナービル２Ｆ
ソウルフードバンコク　溜池山王店,						東京都港区赤坂２‐９‐４千代田ビルディングＢ１Ｆ
サバイディー　高円寺店,						東京都杉並区高円寺北３-１６-１
Com Pho with TERRACE　(コムフォーウィズテラス),						東京都品川区大崎２-1-1 ThinkPark 1F
コズミックダイニング・ガイラ,						東京都渋谷区初台１-36-1
Hanoi　Bar（ハノイ　バー）,						東京都大田区西蒲田７－４－３
南国酒場 アジアンダイニングBar,						東京都新宿区若松町29-7オーシャンプラザ若松町2F
アオザイ,						東京都港区赤坂５－４－１４　トレード赤坂１Ｆ
華福,						東京都板橋区大山西町５４－２
スクンビットソイトンロー　東京八重洲店,						東京都中央区八重洲１東京都中央区八重洲1-5-17　八重洲香川ビルB1
ガイトーン Tokyo 渋谷　カオマンガイ,						東京都渋谷区渋谷３-15-2 1F
スパイスＭＡＲＫＥＴ,						東京都渋谷区西原１-21-1
バンコク屋台　カオサン　ルミネ新宿店,						東京都新宿区西新宿１－１－５　新宿ルミネ1・B2階
ティーヌン　飯田橋ラムラ,						東京都新宿区神楽河岸１－１　飯田橋セントラルショッピングプラザ　ラムラ１Ｆ
ライティアン,						東京都江戸川区中葛西２-25-15
JASMINE THAI　（ジャスミンタイ）　八重洲店,						東京都中央区八重洲１‐４‐１６ 東京建物八重洲ビル B1階　八重仲ダイニング  
バー・エルアミーゴ,						東京都港区新橋３-11-5　新橋共同ビル1Ｆ
カフェ　ぐるぐる,						東京都練馬区貫井３‐１５‐３
SIAM CELADON 池袋東武店,						東京都豊島区西池袋１-1-25　東武百貨店池袋店　スパイス11F
アカーム　渋谷,						東京都渋谷区松濤１‐２６‐２２ 松濤１丁目ビルＢ１　１Ｆ
hot　pepper　ホットペッパー,						東京都港区赤坂９-2-6
モンスーンカフェ　Monsoon Cafe　渋谷店,						東京都渋谷区神南１-6-8 神南カンパリビル4F
マイペンライ,						東京都町田市原町田６-１７-１藤ビル2F
東京ガパオ　ダイバーシティ東京プラザ店,						東京都江東区青海１-1-10  ダイバ-シティ東京プラザ6F
タイ国屋台食堂　西新宿ソイナナ,						東京都新宿区西新宿７－１９－１８　セードル新宿ハイツ　１０４B
アジアンキッチン　ワイガヤ,						東京都渋谷区笹塚１-57-10 笹塚駅前ビル２F
チョップスティックス高円寺店,						東京都杉並区高円寺北３－２２－８
バンコクキッチン丸の内店,						東京都千代田区丸の内３－３－1新東京ビルＢ１
タイ屋ソンタナ,						東京都世田谷区経堂１-26-15
居空間,						東京都練馬区豊玉北５‐３２‐２
SK THAILAND,						東京都墨田区東向島２－３９－８
狛江 チャオ サイゴン,						東京都狛江市和泉本町１‐３４‐１４
タイ風居酒屋　アキラ,						東京都足立区保塚町９－１０
タヒチ　タイレストラン,						東京都港区南青山４-27-17
ラークパクチー,						東京都世田谷区代沢５-６-１４前田 ビル２Ｆ
マンゴツリーカフェ＋バー高輪,						東京都港区高輪４－10－18　京急ショッピングプラザ　ウィング高輪ＷＥＳT１Ｆ
afuune,						東京都中央区銀座４－１０－３　セントラルビルB1
リトルバンコック,						東京都渋谷区恵比寿南１-8-8
NICO’Ｓ,						東京都中央区日本橋小伝馬町13ー2井川ビルB1
サワディー　Sawadee,						東京都千代田区麹町１-6-6　プルミエ麹町ビル
梅蘭　ゲートシティ大崎店,						東京都品川区大崎１－１１－１ゲートシティ大崎２Ｆ
サイアムオーキッド　八重洲地下街店,						東京都中央区八重洲２－１　八重洲地下街南1号
ジャスミンタイ　四谷店,						東京都新宿区四谷１－１７　後藤ビル１Ｆ
ティーヌン　銀座店,						東京都中央区銀座５－１　ＧＩＮＺＡ５　Ｂ１
Bangkok orchid,						東京都葛飾区新小岩１-51-1 ますやビル2F
Asian Restaurant Basudev　アジアンレストラン　バスデブ,						東京都墨田区緑１-18-3
エーケイブ　アジアン食堂　六本木ヒルズ,						東京都港区六本木６－２－３１　六本木ヒルズノースタワービルＢ１
Ｐｅｎｓｒｉ'ｓ　Ｋｉｔｃｈｅｎ　アトレ四谷店,						東京都新宿区四谷１－５－２５　アトレ四谷１Ｆ
Cabe　チャベ　武蔵小山店,						東京都品川区小山４-3-13-2F
サイアムタラート,						東京都世田谷区三軒茶屋２-14-19 
Soaltee Dining（ソルティーダイニング）,						東京都中央区東日本橋２-16-10
mekong メコン　中神,						東京都昭島市宮沢町５２１－３１
W-Thai,						東京都墨田区京島１-2-2-115
風土木,						東京都港区芝大門２‐３‐９　柘上ビル１Ｆ
イムアロイ,						東京都台東区上野２－３－９第１カンカンビル２階
タイごはん　サイアムBBQ,						東京都千代田区大手町１-9-7 大手町フィナンシャルシティサウスタワー1F
スアンサワン　赤坂店,						東京都港区赤坂３－１５－１４　ソフィアフォーラム２Ｆ
となりのチャッポラ,						東京都日野市高幡３‐７　ユニバーサルビル１F
コカレストラン有楽町/マンゴツリーカフェ有楽町,						東京都千代田区有楽町１－１１－１　ビッグカメラ有楽町６Ｆ
アジアンダイニング　ムンランギットカフェ,						東京都世田谷区赤堤４-36-1 細谷ビル1階
AsianRestaurant&Bar TOMATO（アジアンレストラン＆バートマト）南大泉店　2号店,						東京都練馬区南大泉４-５２-１９　和田ビル1階
ムアン・タイ・なべ,						東京都千代田区神田神保町２－１３　西塚ビル１・２Ｆ
マンゴツリーカフェ　恵比寿店,						東京都渋谷区恵比寿南１－５－５　アトレ恵比寿６Ｆ
タイ食堂楽&カラオケ サイナム・タイ,						東京都豊島区巣鴨４-24-4ハイツ野中105
サイアム食堂,						東京都文京区湯島３-34-9　川部ビル
麻布十番　サムロータイレストラン　本店,						東京都港区麻布十番２-12-9
ゲーンキョワーン,						東京都新宿区新宿１-31-3
ＪＡＳＭＩＮＥ　ＴＨＡＩ　六本木店,						東京都港区六本木５－１８－２１　ファイブプラザ２Ｆ
HATY HATY　（ハティハティ）　日本橋店,						東京都中央区日本橋本町１-8-8金山ビル　1Ｆ
cafe POKAPOKA,						東京都墨田区八広５－３２－９
雅,						東京都足立区千住１－２６－２　早川ビル１Ｆ
コムフォー　銀座店,						東京都中央区銀座３-2-1　プランタン銀座本館B2階
コム・フォー　丸の内オアゾ店,						東京都千代田区丸の内１－６－４　丸の内オアゾ　ショップ＆レストランＢ１
チャオタイ　渋谷東口店,						東京都渋谷区渋谷２－２２－１０ タキザワビルＢ１
タイ居酒屋 トンタイ 新宿店,						東京都新宿区新宿５-4-1 Qフラットビル 201
タイレストラン　Smile Thailand,						東京都台東区浅草橋１-22-3　FIVE-I　１階
カジュアルタイレストラン　オーキッドキッチン,						東京都調布市布田２丁目３７－７　２F
チャオタイ　渋谷店,						東京都渋谷区道玄坂２－９－１０　Ｋ＆Ｋビル２Ｆ
タイ料理 ココナッツ,東京都中野区中野5-56-15
タイ料理 ピンナリー,東京都江戸川区西小岩3-31-10アオヤマビル１Ｆ
バーミィー・アジア料理,東京都杉並区高円寺南3-58-18
タイ料理バイトン,東京都中央区銀座3-14-5アルファ銀座ビル１Ｆ
タイ料理タイラーンナー,東京都八王子市中町10-14
ベトナム料理 フォンベト 新宿西口本店,東京都新宿区西新宿7-10-10西村ビル2F
ベトナム料理・ビストロ・オーセンティック,東京都台東区浅草1-1-12浅草地下商店街
ベトナム料理 ミュン 浅草店,東京都台東区駒形1-12-10駒形茜日伸ハイツ１Ｆ
ベトナムDining ミュン,東京都文京区小石川1-11-13新香園ビル5F
ベトナム本場料理 メコン,東京都千代田区鍛冶町2-12-1神田一番街高架下共同ビル２Ｆ
コム・ベトナム,東京都立川市曙町2-32-3三和ビルＢ１Ｆ
チョウ ベトナム,東京都中央区銀座1-3-6銀座ベラメンテ１Ｆ、Ｂ１Ｆ
ベトナムハウス,東京都武蔵野市吉祥寺本町2-34-12若月ビルＢ１Ｆ
ベトナム料理店chau,東京都世田谷区奥沢3-10-3
2017年の営業は終了致しました　東京湾納涼船,						東京都港区海岸１-12－2
楽屋（RAKUYA）,						東京都目黒区上目黒２-15-6　モロバシビル1F
タイ国惣菜料理 ゲウチャイ 東陽町店,東京都江東区東陽6-3-1クイーンズ伊勢丹東陽町店１Ｆ
健康ハーブ＆エスニック・タイ国料理店 タワンドーン,東京都豊島区池袋2-5-7みどりビル１Ｆ
タイ家庭料理 沌 亀有店,東京都葛飾区亀有3-27-3ルファール2F
タイ国料理 ゲウチャイ 新宿店,東京都新宿区新宿3-21-7東新ビル2F
梁さんのアジア料理 サンタ・マルタ,東京都大田区蒲田5-45-1YMビル5F
バンコク屋台料理 カオマンガイ 2号,東京都八王子市寺町49-3ＮＫ第二ビル１Ｆ
タイラーメンと屋台料理  バナナ食堂,東京都立川市錦町2-1-7幸ビル1F
タイ料理レストランジャンジャオ 上野店,東京都台東区上野2-2-4上村ビル2F
タイ料理レストラン ジンラック,東京都新宿区歌舞伎町2-23-10第1本間ビル2F
タイ料理レストラン シナモン,東京都江東区亀戸4-18-5小山ビル2F
タイ家庭料理　コンケーン,東京都千代田区平河町1-3-10ブルービル本館１F
タイ料理研究所　渋谷店,東京都渋谷区桜丘町24-8新南平台マンション102号室
タイ料理 ラムヤイ,東京都新宿区大久保1-1-9新宿フラワーハイムビルＢ１Ｆ
春雨料理店 三丁目,東京都三鷹市下連雀3-29
バンコク家庭料理　クルアバンコク,東京都豊島区東池袋1-29-5クレバ東池袋２Ｆ
タイ屋台料理 ムエタイハウス,東京都文京区大塚5-8-13
asian garden きゃら亭,東京都千代田区内幸町1-7-13
Asian Smile,東京都渋谷区代々木1-36-6代々木駅前ビルB1F
ASIAN・PEARL,東京都新宿区西新宿3-11-19
アジアンダイニング アロイ,東京都新宿区新宿3-4-1東新宿ビルディング７Ｆ
asian asian,東京都中央区銀座7-2-20日ノ樹ビル３Ｆ
アジアンスマイル麹町店,東京都千代田区麹町4-8-1クリスタルシティ東館B1
アジアン屋台村 ALIBABA経堂店,東京都世田谷区宮坂3-23-1日佳ビル１Ｆ
ピラブカウ 綾瀬店,東京都足立区綾瀬2-24-11
味庵,東京都八王子市台町4-44-2
アジアン・タイペイ,東京都調布市布田2-28-7サカイヤ第２ビル１Ｆ
アジアンオーキッド,東京都中央区京橋3-3-13平和ビル3号館1F
アジアン厨房,東京都中央区日本橋堀留町2-6-2ドールジャパン翔ビルＢ１Ｆ
ボンセン,東京都港区六本木4-8-5和幸ビルＢ１Ｆ
Bangkok Bistro  サバーイディー,東京都北区赤羽2-12-6直井ビル1F
ブアールアン,東京都足立区千住中居町27-17比企ビル
Ｗｅ,東京都渋谷区恵比寿西1-15-8ＳｕｎＥｂｉｓｕＢ１Ｆ・１Ｆ
マンゴツリー東京 （mango tree tokyo）,東京都千代田区丸の内丸の内ビルディング35F
ワントーン,東京都文京区本郷3-5-2
イサーンバーンハオ,東京都中野区弥生町2-27-6
フォー麺,東京都品川区上大崎2-16-9アトレ目黒１Ｂ１Ｆ
RAAN JING JING THAI Seijo,東京都世田谷区成城6-3-14テラウェアビル１階
ルアンカウスワイ,東京都墨田区錦糸4-12-7
LEELAWADEE,東京都港区芝5-15-2富川ビル２Ｆ
ぷあん,東京都杉並区西荻南2-24-1
immigrant’s Cafe,東京都港区南青山5-9-15共同ビルB1
青いパパイヤ,東京都北区十条仲原1-1-7第３北成ビルＢ１Ｆ
チョークディー,東京都練馬区豊玉北5-22-1コンフォート1階
バーンチアン,東京都豊島区西池袋1-37-8JPビル7F
プリック,東京都豊島区池袋2-62-6
Thai Tae Restaurant,東京都豊島区池袋2-14-1マツヤマビル2F
コム・フォー,東京都港区虎ノ門1-16-2岩尾ビル１Ｆ
タイチキンランナ,東京都福生市大字福生875
プーピン,東京都大田区西蒲田7-6-1
タイフード＆バー　クルンテープ ミッドナイト,東京都新宿区新宿2-12-9大倉ビル1F
CUP’S 霞が関店,東京都千代田区霞が関3-2-5霞が関ビル1F
オーエンジャイ,東京都足立区綾瀬4-9-23
タイレストラン　プラートーン,東京都西東京市ひばりが丘1-8-27
エレファントキッチン,東京都三鷹市下連雀3-33-17グラシアス三鷹１Ｆ
ミス サイゴン,東京都武蔵野市吉祥寺南町1-8-5太田ビルＢ１Ｆ
ミス・サイゴン,東京都渋谷区道玄坂2-29-18６Ｆ
SARA,東京都中央区銀座7-2-8東建ビル１Ｆ
メコン,東京都豊島区西池袋3-26-5ニュー松本ビルＢ１Ｆ
タイカリーピキヌー,東京都世田谷区駒沢1-4-10サエキビル１Ｆ
ナム・サオ,東京都港区赤坂3-14-7ユニ赤坂ビル４Ｆ
PHO24 池袋東口駅前店,東京都豊島区南池袋1-26-6TheSHone地下1階
ゲウチャイ マーケット,東京都墨田区江東橋4-12-3
バーンリムパー 新宿三丁目,東京都新宿区新宿3-11-1高須ビル1F
バンコック　ポニー食堂,東京都中央区新川2-12-17マルコウ八重洲通りビル１F
ヴェトナム・アリス 赤坂店,東京都港区赤坂3-1-6ベルビー赤坂２Ｆ
アルン 東陽店,東京都江東区東陽3-24-18２Ｆ
クルン・サイアム 中目黒店,東京都目黒区上目黒1-6-5森ビル2F202
チェンマイ,東京都千代田区有楽町1-6-10スクワール日比谷ビルＢ１Ｆ
タイクラシック,東京都文京区本郷3-5-2宇佐美ビル２Ｆ
ドングーア,東京都千代田区神田佐久間町2-11
ランサーン,東京都武蔵野市吉祥寺本町1-32-9モトハシビル２Ｆ
タイオーキッド,東京都港区赤坂3-17-10フローレンス一ツ木ビル３Ｆ
タイレストラン センタワン,東京都中央区八丁堀3-14-2東八重洲シティビル１Ｆ
ドン ファン ティン,東京都千代田区神田鍛冶町3-7花瀧ビル１Ｆ
クエトイ,東京都品川区西五反田7-12-4
アジアトリップカフェ,東京都港区芝大門2-8-4芝大門武屋ビル1階
リトル・サイゴン,東京都世田谷区北沢2-19-17沢田屋ビルＢ１Ｆ
com＆bia わっくら,東京都小金井市本町1-19-4
カオケン,東京都新宿区歌舞伎町1-7-1２Ｆ
OMELY,東京都新宿区四谷1-7-15山田ビル
タイレストランボス,東京都新宿区高田馬場1-29-15
サイゴン 有楽町店,東京都千代田区有楽町1-10-1有楽町ビルＢ１Ｆ
タイレストラン ボス さかえ通り店,東京都新宿区高田馬場3-4-141階
マプラー,東京都千代田区神田小川町3-2-1古室ビル２Ｆ
俺の台所,東京都豊島区西池袋5-1-3メトロシティー池袋2F
ティッチャイ,東京都世田谷区代沢5-29-8
タイ居酒屋 トンタイ,東京都新宿区大久保1-1-2泰正ビル２Ｆ
Bistrot Ami,東京都豊島区目白3-2-9村松ビル１Ｆ
ダイニングバー グリーンパパイヤ,東京都杉並区和泉3-13-21さくらやビル２Ｆ
サムヤーン,東京都中野区中野5-57-2ウケシマビル２F
Charleston Cafe ORIENTAL,東京都港区西麻布3-1-20Ｄｅａｒ西麻布１Ｆ
サワディー,東京都台東区上野2-4-4信水ビル２Ｆ
カオマンガイ専門店 Pui,東京都江東区木場6-11-9１Ｆ
シャム,東京都新宿区新宿4-1-13田園新宿ビル９Ｆ
Thai Restaurant Paragon,東京都台東区上野2-2-3コロンビアビル３Ｆ
ハノイ,東京都三鷹市下連雀4-17-10ひだまりまきビル１Ｆ
aroyna tabeta 吉祥寺店,東京都武蔵野市吉祥寺本町1-9-10Ｂ１Ｆ
ジャンズ,東京都世田谷区玉川3-5-7黒川ビル３Ｆ
タラ,東京都国分寺市本町2-2-12コムロビルＢ１Ｆ
Authentique,東京都杉並区高円寺北2-22-11
サワディー,東京都新宿区中落合1-20-16中井ビル２Ｆ
フォー麺,東京都新宿区歌舞伎町1-30-1西武新宿PePeB2
チャンタイ お台場・デックス東京ビーチ,東京都港区台場1-6-1デックス東京ビーチシーサイドモール５Ｆ
kitchen,東京都港区西麻布4-4-12ニュー西麻布ビル２Ｆ
ロム　アロイ,東京都中野区東中野1-55-51F
キンナリー,東京都台東区上野2-11-20タンポポビル４Ｆ
グリーン・カレー,東京都新宿区西早稲田3-29-3２Ｆ
ミ・レイ,東京都大田区蒲田5-1-4関根ビル２Ｆ
ミュン 新宿店,東京都新宿区新宿1-3-8ＹＫＢ新宿御苑ビルＢ１Ｆ
ハンサム食堂,東京都杉並区西荻南3-11-5
メイナム,東京都調布市西つつじケ丘2-1-10
タイダイニングバーR,東京都豊島区西池袋3-27-3S&KビルB1F
セーントーン,東京都杉並区高円寺北3-2-14２F
ECODA HEM　エコダヘム,東京都東京都練馬区旭丘1-74-9
THI THI,東京都大田区蒲田5-26-6B1
ロータスパレス 池袋東武SPICE 池袋東武SPICE,東京都豊島区西池袋1-1-25東武百貨店ＳＰＩＣＥ11Ｆ
シャム,東京都新宿区歌舞伎町1-3-11梅村ビル２Ｆ
レモングラス,東京都中央区銀座5-1-8銀座ＭＳビル５Ｆ・６Ｆ
ラックタイ,東京都港区西新橋1-21-14
タニ　キッチン 鹿嶋山王店 （Thani Kitchen）,東京都品川区大井7-29-8
タイレストラン・イサーン,東京都大田区西蒲田7-69-1
ポータイ,東京都港区赤坂2-9-4千代田ビルＢ１Ｆ
マライ,東京都練馬区東大泉1-27-20栗原ビル２Ｆ
チャオタイ銀座店,東京都中央区銀座西2-2銀座インズ２B1F
クルンテープ２,東京都新宿区新宿3-17-13KEIビル3F
タイレストラン チェンマイ,東京都調布市仙川町1-16-18
パッタイ,東京都町田市原町田6-21-27ＯＨＥ３Ｆ
トムヤムクン,東京都狛江市中和泉1-2-10
エイジアンテーブル,東京都港区海岸1-16-2ホテルインターコンチネンタル東京ベイ３Ｆ
CHAD CAFE 麻布十番,東京都港区東麻布2-24-6木村麻布ビル１Ｆ
タイカレーの専門店 アジアの台所 トゥクトゥク,東京都渋谷区代々木1-36-6代々木駅前ビルB1
たんたわん,東京都福生市大字福生880-17
Thai Restaurant　トムヤムクン,東京都杉並区桃井4-4-19サンコーポ桃井１F
チャン サイアム,東京都杉並区上高井戸1-1-10
レストラン サイゴン 有楽町店,東京都千代田区有楽町1-10-1有楽町ビルＢ１Ｆ
ヴェトナム・アリス 国立近代美術館フィルムセンター店,東京都中央区京橋3-7-6国立近代美術館フィルムセンター１Ｆ
トムヤムクン,東京都大田区西蒲田5-23-4-102
ジュティポーン 雑色店,東京都大田区仲六郷2-14-8
ワニダ,東京都北区赤羽1-48-2
スィー アユタヤ,東京都世田谷区南烏山5-17-11倉田ビル2F
ピッキーヌ,東京都杉並区阿佐谷北2-9-5２Ｆ
hide’s bar,東京都新宿区西新宿7-15-15東宝観光ビル二階
Lukla Himalaya （ルクラヒマラヤ）,東京都渋谷区代々木4-5-1
レストラン　サイゴン,東京都千代田区丸の内1-4-5三菱UFJ信託銀行本店ビルB1Ｆ
KAFFIR LIME　カフィアライム,東京都渋谷区神宮前6-1-5２Ｆ
バンコク 鹿楼,東京都千代田区富士見1-9-18
ノムカフェ （nom ca phe）,東京都杉並区西荻北2-1-8
クルンテープ,東京都新宿区新宿2-12-4アコードビル２Ｆ
ゲウチャイ 目黒店,東京都品川区上大崎2-14-9目黒東誠ビルＢ１Ｆ
Ciao! Bamboo,東京都渋谷区神宮前6-1-5
ナチュラルフード　ダイニング くせものや 新宿,東京都新宿区西新宿7-9-13ウインド西新宿2F
とびら,東京都世田谷区北沢2-23-6
遊食三昧 NIJYU-MARU 蒲田店,東京都大田区西蒲田7-6-4プリンス会館5～6F
海南鶏飯食堂２,東京都渋谷区恵比寿1-21-14ＣＯＳＴＡＤＥＶＥＲＡＮＯ１Ｆ
BANG SAEN AROY JING JING（バンセーン アロイチンチン）御茶ノ水店,東京都千代田区神田駿河台3-1-1大雅ビル5F
ヴェトナム・アリス 銀座店,東京都中央区銀座3-2-1プランタン銀座本館７Ｆ
シミリック,東京都千代田区岩本2-8-10神田永谷マンションB1
サイゴン　フォー,東京都豊島区南大塚2-15-6金文字ビル地下1階
フォーハウス 町田店,東京都町田市原町田6-6-14町田ジョルナＢ２Ｆ
Cafe Montana,東京都武蔵野市吉祥寺本町2-10-2本町田中ビル１F
我兎我兎stadium,東京都江戸川区西小岩1-29-2信守ビル
バインミー☆サンドイッチ,東京都新宿区高田馬場4-9-18畔上セブンビル1F
BAR  QWANG,東京都港区西麻布3-2-18ＲＤ西麻布Ｂ１Ｆ
バタフライ カフェ BUTTERFLY CA PHE,東京都渋谷区西原3-21-3SINISIビル1階
Mango Tango 代官山店,東京都渋谷区猿楽町11-1ラ・フェンテ代官山Ｂ１Ｆ
チャンノイ,東京都新宿区歌舞伎町1サブナード地下街
キーマオキッチン Kee Mao Kitchen,東京都杉並区荻窪5-29-9本橋第2ビル2F
ティーヌン 町田東急ツインズ店,東京都町田市原町田6-4-1町田東急ツインズイースト8F
バンコックの風,東京都杉並区和田1-17-10
麺香房 天照,東京都葛飾区堀切5-3-1
レストラン サイゴン Food Show,東京都渋谷区渋谷2-24-1東急東横店Ｂ１Ｆ
マンゴツリーデリ 渋谷ヒカリエShinQs,東京都渋谷区渋谷2-21-1渋谷ヒカリエB3F
タイラーメン タイランドショップ,東京都墨田区錦糸3-7-5
メーヤウ,東京都新宿区信濃町21大門ビルＢ１Ｆ
コリアンダー,東京都港区西麻布1-10-6ＮＩＳＨＩＡＺＡＢＵ１１０６Ｂ１Ｆ
リリオカラニガーデンズ,東京都板橋区東山町13-15
タイの食卓 オールドタイランド,東京都千代田区富士見2-3-8横江ビル２階
マンゴツリーデリ 伊勢丹新宿本店,東京都新宿区新宿3-14-1伊勢丹新宿本店B1F
スイタイ,東京都府中市宮西町1-5-1フラココ第８ビル２階
タイレストラン クルンテープ2,東京都新宿区新宿3-17-13KEIビル3F
ティーヌン 西荻窪店,東京都杉並区西荻北3-1-6
タイ居酒屋 ルアムジャイ,東京都新宿区大久保2-6-10B1・1F
ダイス,東京都渋谷区笹塚1-57-10笹塚駅前ビル２Ｆ
タイカフェ　BLUE PAPAYA,東京都千代田区鍛冶町2-8-1平野ビル1F
Silom cafe,東京都港区赤坂7-10-8
ユマ・ミーナ,東京都北区上十条2-27-4
Vietnamese Sandwiches Vi-sand,東京都世田谷区北沢2-12-3石川ビル1F
コチャーン,東京都新宿区歌舞伎町1-2-19藤守ビル2F
サングリア,東京都千代田区丸の内2-2-1岸本ビルＢ１Ｆ
クルン・サイアム 吉祥寺店,東京都武蔵野市吉祥寺本町1-8-24小島ビルB１F
RicePlus,東京都渋谷区円山町28-8第18宮庭マンション1F奥の白い扉
ヤムタイキッチン,東京都渋谷区宇田川町32-7アワーズビル３Ｆ
FLYINGBOARD,東京都世田谷区弦巻5-6-16弦巻リハイム１Ｆ
ベトナミーズ・カフェ・カラテ チョップ,東京都世田谷区北沢2-7-3
アンドンカフェ,東京都杉並区高円寺北2-22-6２Ｆ
アジアの味,東京都渋谷区宇田川町28-12遠藤ビル２Ｆ
コム・フォー渋谷店,東京都渋谷区道玄坂1-2-2渋谷東急プラザB2F
ティーヌン 阿佐ヶ谷店,東京都杉並区阿佐谷南3-1-23
ティーヌン 溜池山王店,東京都港区赤坂2-10-6
an‐ji,東京都新宿区高田馬場2-15-4
バーンリムパー,東京都新宿区百人町1-5-1Ｂ１Ｆ
タイラーメン＆カレー　セブン　７,東京都世田谷区梅丘1-23-4可瀬ビル１Ｆ
メナム 六本木,東京都港区西麻布3-1-20Ｄｅａｒ西麻布１Ｆ・２Ｆ
タイ市場食堂 タラート,東京都世田谷区北沢2-11-3イサミヤビルＢ１Ｆ
伍市,東京都葛飾区新小岩1-56-2ルミエール商店街
昆明飯店,東京都豊島区駒込1-19-1ピアレスビル
チャイヤプーム,東京都渋谷区神宮前6-4-1原宿八角館４Ｆ
アムリタ食堂,東京都武蔵野市吉祥寺本町2-17-12１Ｆ
Ruchi,東京都渋谷区代々木1-54-2ナリオカビル半地下
亜州食道,東京都江東区佐賀1-1-6アイアンクォータビル１Ｆ
メーヤウ 早稲田店,東京都新宿区馬場下町18-9秋山ビル２Ｆ
まんまるまんとう,東京都杉並区高円寺北1-4-1
LoyKratong Resort （ロイクラトンリゾート）,東京都渋谷区神宮前1-8-10ジ・アイスキューブス8・9F
chok-di,東京都中央区日本橋本石町4-4-14
ドンナイ,東京都台東区上野3-20-2水野ビル２Ｆ
スクムウィット,東京都港区南青山2-12-15南青山２丁目ビル２Ｆ
ジャミル,東京都千代田区鍛冶町2-8-4
SOI 7,東京都目黒区上目黒2-12-7
スチャダー,東京都北区東十条4-5-7
ヌアサヤム,東京都新宿区歌舞伎町1-2-16第一オスカービル2F
セーバトォモネ,東京都足立区伊興本町1-3-11
バンコクキッチン　恵比寿店,東京都渋谷区恵比寿4-3-1クイズ恵比寿３階
thai kitchen 5,東京都豊島区西池袋3-25-8町田ビル1F
マライ・タイなべ,東京都練馬区東大泉5-41-6
KISA,東京都武蔵野市吉祥寺本町1-35-17
サラカーム,東京都練馬区関町東1-6-7
ワサナキッチン,東京都江戸川区西小岩1-25-10よし甚ビル2F
パナマ,東京都中野区中野3-33-15
バーンリムパー 笹塚店,東京都渋谷区幡ヶ谷2-56-5
ブーゲンビレア,東京都渋谷区道玄坂2-25-9ロマネ８０ビル２Ｆ
ワンタイ タイレストラン,東京都中央区京橋2-6-19溝口山陽ビルＢ１Ｆ
タイ・イサン,東京都江戸川区西葛西6-18-3ＫＩＲＡＫＵ２Ｂ１Ｆ
ミュン 池袋店,東京都豊島区西池袋5-1-6第２矢島ビル２Ｆ
VINATEX,東京都杉並区高円寺南3-20-13サンセリコビル２Ｆ
ＰＨＯ専門店 HIDARIMAKI,東京都三鷹市下連雀3-26-9サンシロービル1F
Anne Nam,東京都世田谷区奥沢3-45-2２Ｆ
Asian Healthy Dining Glamorous,東京都港区南青山3-8-2青山OGビルB１
アジアンリゾートキッチン ポップイン,東京都中央区銀座8-4-2タクミビル２Ｆ
トゥクトゥク,東京都品川区上大崎2-13-22シーアイマンション白金１Ｆ
チャオチャオバンブー　Chao! Chao! bamboo,東京都渋谷区神宮前6-7-12
エスニックフード＆トロピカルドリンク　ＺＩＯＮ （ザイオン）,東京都練馬区上石神井1-16-12
トンプー菜麺,東京都千代田区神田小川町3-28-13
タイ＆インド料理　ＮＩＲＡＬＡ 経堂南口店,東京都世田谷区経堂5-29-21
バンコク屋台料理  スクンビット・ソイ・トンロー  東京八重洲店,東京都中央区八重洲1-5-17B1
タイ料理 チャトゥ チャック,東京都杉並区高円寺北3-2-14２Ｆ
ベトナムアジア酒家 印度支那,東京都文京区小石川5-3-3
天然アジア料理エバーグリーン,東京都世田谷区桜丘2-18-17
タイ料理 パヤオ,東京都台東区浅草橋1-10-8第二石渡ビル２Ｆ
ROOF TOP BEER GARDEN ヤドヴィガ,						東京都渋谷区恵比寿南１-6　アトレ恵比寿西館8階
LENTEZZA レンテッツァ 田町,						東京都港区芝５－１５－７
まんぷくカルビ　五反田,						東京都品川区西五反田２－７－８
TunTen,						東京都新宿区西早稲田２-18-20
狛江サイゴン,						東京都狛江市和泉本町１‐３‐１
セーンタイ,						東京都板橋区成増２-15-10 2F
チャオタイ　銀座店,						東京都中央区銀座２‐２　銀座インズ２　Ｂ１Ｆ
アジアンダイニング　グラス　月島,						東京都中央区月島４－13－11
タイスマイルキッチン,						東京都大田区大森北１-29-6
Bar Dragon Fruit,						東京都渋谷区西原３－２４－１２　テラ代々木上原１０３
Monsoon Cafe　（モンスーンカフェ）　自由が丘,						東京都目黒区自由が丘１-26-4 ステラ自由が丘　Ｂ１Ｆ
ティーヌン　西早稲田本店,						東京都新宿区西早稲田２－１８－２５　横川ビル
Thai Sabay　(タイ・サバイ)　池袋パルコ店,						東京都豊島区南池袋１-28-2 　池袋PARCO　８F
バンコク オリエンタル,						東京都目黒区下目黒１‐３‐１シーダム目黒２Ｆ
GIN KHAO,						東京都港区赤坂１-５
マンゴツリー東京　丸ビル,						東京都千代田区丸の内２－４－１　丸の内ビルディング　３５Ｆ
東京カオマンガイ,						東京都千代田区内神田３‐７‐８
バンコク　レストラン,						東京都港区六本木３‐８‐８Ｗｏｏビル２Ｆ
チョップスティックス吉祥寺店,						東京都武蔵野市吉祥寺本町１－３１－４ 日得ビル１F
タイ国専門食堂,						東京都港区芝公園２‐１２‐１５　大国ビル１Ｆ
ビアホイチョップ,						東京都中野区中野５-53-1 1F
稲草園,						東京都新宿区四谷１－７　１Ｆ・Ｂ１Ｆ
cafe viet arco,						東京都世田谷区北沢２-26-6 モンブランビル2F
池袋　フォーチュン　Pho Trung,						東京都豊島区西池袋３-23-8　丸ビルB1
VIETNAMESE CYCLO　ベトナミーズ　シクロ　六本木,						東京都港区六本木６－１－８ 六本木グリーンビルB１F
QUAN AN TAM　（クァンアンタム）,						東京都目黒区自由が丘１‐２８‐８　自由が丘デパート２F
リバーサイゴン,						東京都狛江市東和泉３‐１０‐７
ニャーヴェトナム　フォー麺　タカシマヤタイムズスクエア,						東京都渋谷区千駄ヶ谷５－２４－２　タカシマヤタイムズスクエア１３階
サバイチャイ タイ料理,						東京都墨田区太平２-８-３
タイ料理　バーンチャーン,						東京都立川市曙町２-23-1嫩（フタバ）ソシアルビル1F
GoENya,						東京都杉並区阿佐谷北２-2-8
ダイニングTSUBAKI GARDEN,						東京都渋谷区東１　３－１　カミュート４号
バーン・イサーン,						東京都杉並区高円寺南４－２５－８　第２高円寺ＫＳビル１階
HATY HATY,						東京都中央区日本橋本町１-8-8 金山ビル1F
 SAPANA（サパナ）　水道橋西口店,						東京都千代田区神田三崎町２－２０－８　FUNDES水道橋　１F
BANGKOK SMILE　（バンコクスマイル）,						東京都港区愛宕２-5-1　 愛宕グリーンヒルズ MORIタワー2階
The Spice ザ・スパイス,						東京都品川区戸越５－１９－１２
旅人食堂　町田屋台店,						東京都町田市原町田４‐5-9
ThaiLandKitchen Lotus Lounge（ロータスラウンジ）新宿 ,						東京都新宿区新宿３-31-1大伸第2ビル4Ｆ
アジアン屋台バル　クアトロ　恵比寿,						東京都渋谷区恵比寿南１-7-8 ニューライフ恵比寿102
アジアンダイニング　恵比寿　ガパオ食堂,						東京都渋谷区恵比寿南２－１－１　恵比寿大森ビル2F
マレーアジアンクイジーン,						東京都渋谷区渋谷２丁目9-9 SANWA青山ビル2F
チャーリーズ 保谷店,						東京都西東京市東町３‐13-19 ソレイユ保谷
０（例）のところ　マオラオ,						東京都港区新橋１-15－2　新橋TYビル　「０（例）のところ」２F
タイスマイル食堂,						東京都千代田区神田多町２-２-３元気ビル２階
らんまん食堂　京橋店,						東京都中央区京橋３-1-1 　東京スクエアガーデンB1
バンコクキッチン　新宿店,						東京都新宿区西新宿１-２６-２ 新宿野村ビルB１
リアル　石神井公園店,						東京都練馬区石神井町３-19-12大野壱番舘1F
GLOUGLOU REEFUR 代官山本店（グルグルリーファー）,						東京都渋谷区猿楽町24-7 代官山プラザビル 2F
マンゴツリーカフェ　ルミネ新宿店,						東京都新宿区西新宿１－１－５　新宿ルミネ1・７階
JIM　THOMPSON’S　Table　Thailand　マロニエゲート銀座１,						東京都中央区銀座２-２-１４　マロニエゲート銀座１-１０Ｆ
恵比寿　新東記,						東京都渋谷区恵比寿南１－１８－１２　竜王ビルII　2F
シリジャナ （SRIJANA）中村橋店,						東京都練馬区中村北４-2-2駅前ビル2F
アジアンダイニングバー　ニューナマステヒマール 東陽町店,						東京都江東区東陽３-27-25
ディップパレス　飯田橋サクラテラス店,						東京都千代田区富士見２－１０－２　グラン・ブルーム　サクラテラス３Ｆ
ハヌマン 池上店,						東京都大田区池上４-31-18
オリエンタルコート悠,神奈川県横浜市西区北幸2-2-14ハマボール６Fスパイアス内
エイジアンキッチンカフェ・ラーイマーイ,神奈川県川崎市幸区鹿島田701-1新川崎駅前ビル３Ｆ
ドゥ　ドゥ　サン 本店,神奈川県横浜市戸塚区戸塚町4164
タイレストラン 沌,神奈川県横浜市西区南幸1-5-1相鉄ジョイナスＢ２Ｆ
Hana Breeze,神奈川県横浜市中区太田町5-65平和プラザホテル１Ｆ
マンゴツリーデリ 横浜ポルタ,神奈川県横浜市西区高島2-16B1横浜駅東口地下街ポルタ
ホイ アン カフェ,神奈川県三浦郡葉山町堀内50-2葉山マリーナ２Ｆ
Aroi,神奈川県逗子市逗子5-3-31
泰同門 鵠沼橘本店,神奈川県藤沢市鵠沼橘1-3-10青葉ビル１Ｆ
Bangkok Spice（バンコクスパイス）,						東京都新宿区西新宿１－１４－４小黒ビル１Ｆ
アジアンバルフロッグス　神田店,						東京都千代田区内神田３東京都千代田区内神田３－１０－５
ハヌマン　雪が谷店,						東京都大田区南雪谷２-19-3
SIAM CELADON（サイアムセラドン） 御茶ノ水ソラシティ店,						東京都千代田区神田駿河台４－６　　御茶ノ水ソラシティ Ｂ１
ハヌマン 中延店,						東京都品川区東中延２-10-10
本町食堂,神奈川県藤沢市本町4-9-21
バーンタイ,神奈川県大和市西鶴間1-12-18
バンコクチキンライス南国泰飯,神奈川県藤沢市辻堂新町4-3-5「ミスターマックス湘南藤沢ショッピングセンター」２Ｆ
ＥＶＡＮ,神奈川県相模原市中央3-6-6トウエイビル１０１
Nha Viet Nam 横浜店,神奈川県横浜市西区南幸1-5相鉄ジョイナスB1
プアン,神奈川県秦野市本町1-1-6クレアーレＭＫビル２Ｆ
ベトナミーズ シクロ クイーンズ伊勢丹店,神奈川県横浜市西区南幸1-5-1相鉄ジョイナスＢ１Ｆクイーンズ伊勢丹横浜
タイ・エラワン,神奈川県横須賀市若松町1-2三橋ビル3F
ペンタイ,神奈川県大和市南林間2-10-17
チャオナム,神奈川県横浜市青葉区美しが丘1-10-1ピースフルプレイス2F
Hoa Hoa 藤沢店,神奈川県藤沢市南藤沢7-10１Ｆ
ゲウチャイ 横浜クイーンズイースト店,神奈川県横浜市西区みなとみらい2-3-2クイーンズイーストＢ１Ｆ
パイケオ,神奈川県海老名市東柏ケ谷2-25-20
イサンクラシック,神奈川県横浜市中区長者町7-112伊勢佐木センタービルＢ１Ｆ
サラタイ,神奈川県横浜市中区長者町6-98
パタヤ,神奈川県川崎市川崎区東田町3-3本甚ビル２Ｆ
クルアタイ,神奈川県海老名市東柏ケ谷2-30-13２Ｆ
サバイ・サバイ,神奈川県横浜市鶴見区鶴見中央1-2-4
タムラップタイ 藤沢店,神奈川県藤沢市鵠沼橘1-1-17サンヨービル２Ｆ
タイ食堂 ジャルアン,神奈川県相模原市鹿沼台1-11-7クリオ淵野辺参番館２０１
米麺酒場 フォーヴァビアホイ,						東京都中野区東中野１-51-13
スーアハノイ,						東京都台東区西浅草２-1-9
GreeN,						東京都新宿区四谷１-23上野KGビル2階
オリエンタルカラーズ　ルミネエスト新宿店,						東京都新宿区新宿３－３８－１　ルミネエスト７F
バインセオ・サイゴン　有楽町イトシア,						東京都千代田区有楽町２-７-１　有楽町イトシアB１Ｆ
イーサン食堂,神奈川県大和市南林間2-10-4
タイレストランサラタイ,神奈川県横浜市中区長者町6-98
レーロイ,神奈川県横浜市中区長者町8-123相模屋ビル１Ｆ
ゲンキョウワン,神奈川県藤沢市鵠沼石上1-8-11
サバイ・タイタイ,神奈川県川崎市川崎区東田町3-4
かにからす,神奈川県大和市代官3-13-24
とんがん,神奈川県大和市西鶴間1-15-9
PAKARANG,神奈川県海老名市東柏ケ谷2-25-20
タイレストラン　ションケオ,神奈川県横浜市中区末吉町1-19明和ビル102
ベンタィン,神奈川県横浜市港北区大豆戸町480-1菊名ハイツ１０３
イムイェム,神奈川県川崎市宮前区犬蔵1-9-21
ゲウチャイ ルミネ横浜店,神奈川県横浜市西区高島2-16-1ルミネ横浜店６Ｆ
サイゴン・ブリーズ,神奈川県藤沢市本鵠沼3-12-30２Ｆ
メーヤウ 大和南林間店,神奈川県大和市南林間2-13-8
トゥク トゥク タイ,神奈川県川崎市川崎区小川町4-1ＬＡＣＩＴＴＡＤＥＬＬＡＢ１Ｆ
ルックチャーン,神奈川県相模原市相模大野3-7-11
バーンウエンター,神奈川県鎌倉市雪ノ下3-3-26
トムヤムクン,神奈川県相模原市南区相模大野8-14-5
A・F・R  YOKOHAMA,神奈川県横浜市西区南幸2-16-8二幸ビルB1
食べ放題・飲み放題  川崎 アジアンスパイス,神奈川県川崎市川崎区砂子1-1-8第32東京ビル
アジアン料理  Asiatique  アジアティーク　江戸川橋店,						東京都文京区関口１-15-1
本格タイ料理　ナマステ東京　吉祥寺店,						東京都武蔵野市吉祥寺本町１-11-5 コピス吉祥寺Ａ館Ｂ１Ｆ
本格タイ料理バル　puan　学芸大学店,						東京都目黒区鷹番２-15-12 A-2ビル2F
タイ料理　CONROW　道玄坂店,						東京都渋谷区円山町５－２０　Ｂ１Ｆ
タイ屋台料理  ThaiFood STATION,						東京都港区白金３-5-2
あじあん屋台 ゆめ,神奈川県川崎市中原区上小田中3-27-5金子ビル２Ｆ
ベトナムフロッグ 横浜店,神奈川県横浜市中区新港2-2-1横浜ワールドポーターズ5Ｆ
Ｈａｎｏｉ ベトナムの食卓,神奈川県横浜市神奈川区西神奈川1-18-4
ベトナム料理 シクロ 横須賀店,神奈川県横須賀市上町1-44
食・ベトナム,神奈川県川崎市中原区上小田中3-27-10
ベトナム料理店・カイユァ,神奈川県横浜市港北区大豆戸町480-1菊名ハイツ103
CORNER　SHOP,						神奈川県茅ヶ崎市中海岸４－１－１　魚清ビル1F
HOME （ホーム）小田急座間店,						神奈川県座間市入谷５丁目１６７９
エスニックキッチン　サティー,						神奈川県横浜市戸塚区品濃町513-7 清光ビル102
南国カリィー　HANOHANO　平塚店,						神奈川県平塚市西真土１－３－８　２Ｆ
藤が丘　亜熱帯DINING　Juga,						神奈川県横浜市青葉区柿の木台１３－３－１０２
SONG BE CAFE　ソン・ベ・カフェ,						神奈川県鎌倉市御成町１３－３２
チャオタイ　川崎店,						神奈川県川崎市川崎区駅前本町３－１川崎東口ビルB1F
チャオタイ　横浜ベイクォーター店,						神奈川県横浜市神奈川区金港町１‐１０　横浜ベイクォーター５Ｆ
Viet Nam＆Asian Cafe Win's,						神奈川県横浜市神奈川区六角橋１‐４‐６
mango tree cafe　（マンゴツリーカフェ）　ルミネ横浜店,						神奈川県横浜市西区高島２－１６－１ルミネ横浜6Ｆ
アジアンキッチン・ルークチン,						神奈川県厚木市東町2-1　リヴァージュ21　201
SPA EAS　スパ　イアス,						神奈川県横浜市西区北幸２-２-１　ハマボール　イアス内 「SPA EAS」６F
無頼船,						神奈川県横浜市中区野毛町１-46-3
シャム,						神奈川県横浜市中区若葉町２-33-7　フレーヴァーイセザキ1Ｆ
プッタラクサー,埼玉県東松山市大字東平1751-28
カフェ クレセント・シュマリ,埼玉県春日部市小渕1488-3
サームピーノーン,埼玉県所沢市緑町1-17-5
アジアのおいしい「ごはん屋」さん  コム カフェ Co’m Ca Phe  柏高島屋ステーションモール店,千葉県柏市末広町1-1柏高島屋ステーションモールS館7F
オリエンタルキッチン,千葉県千葉市中央区新千葉1-7-6駅ビルニューハウス１F
Kei’s cafe soi99,千葉県八千代市八千代台北1-9-3コーポ総1F
タイ王宮レストラン カポン,千葉県茂原市本納3212-2
ベトナミーズセラドン そごう千葉店,千葉県千葉市中央区新町1000そごう千葉店Ｂ１Ｆナチュラルマーケット内
タイレストラン ポーンタイ,千葉県市川市行徳駅前4-1-4光和ビル１Ｆ
リトルバンコク,千葉県市川市行徳駅前1-6-14
タワンナー,千葉県佐倉市王子台4-28-18
アユタヤ,千葉県船橋市本町3-36-34
タイ料理　スクンビットソイ55,						東京都新宿区西新宿２-1-1　新宿三井ビルディングB1F
ヴェトナム・アリス　マロニエゲート銀座１店,						東京都中央区銀座２-２-１４　マロニエゲート銀座１-１１Ｆ
ベトナムレストラン　Yellow Bamboo （イエローバンブー）,						東京都千代田区内幸町２-1-1飯野ビルディングB1F
タイ料理レストラン　サワディー,						東京都東村山市栄町２-21-8 徳田ビル2階
タイ屋台料理 ティーヌン赤坂,						東京都港区赤坂３‐６‐６ 赤坂樽井ビル
ベトナム南部伝統料理　Phuong Nam （フーン　ナム） 六本木,						東京都港区六本木４-5-7 スタジオD　１A
ティーヌン　横浜ランドマークプラザ店,						神奈川県横浜市西区みなとみらい２-2-1　ランドマークプラザドックヤードガーデンB2F
kuriyum,						神奈川県鎌倉市長谷２－１６－１５　サイトウビル 2F
ボァトゥン,						神奈川県横浜市中区真砂町３-33　セルテ6F
シクロ　本鵠沼店,						神奈川県藤沢市本鵠沼３-12-30　藤沢ビル２階
AULAC,						神奈川県小田原市荻窪５２９－１
HoaHoa,						神奈川県横浜市港北区日吉本町１‐４‐２５
タイ料理レストランカフェ　プエン　茅ヶ崎,						神奈川県茅ヶ崎市元町４－８
タイ料理　けん,						神奈川県横浜市戸塚区上柏尾町１９７
ZONA　（ゾナ）,						神奈川県横浜市都筑区茅ケ崎中央12-15
モンスーンカフェ たまプラーザ店,						神奈川県横浜市青葉区美しが丘５-2-15
AMAZON CLUB　アマゾンクラブ,						神奈川県横浜市中区海岸通３-9　横浜ビルＢ1Ｆ　
チャンパー　横浜馬車道店,						神奈川県横浜市中区住吉町５-59　リッチモンドホテル1Ｆ
アジアンリゾートDining FOOTPRINT (フットプリント) 野毛 日ノ出町,						神奈川県横浜市中区日ノ出町１-99
パクチー屋　平塚店,						神奈川県平塚市代官町9-8
タイ村　８８９(タイムラ ハチハチキュウ),						神奈川県鎌倉市長谷２-8-11サーフサイドビル3F
タイレストラン＆バー　Koh Phi phi　溝の口店,						神奈川県川崎市高津区溝口２-7-8 三紀商事ビルB1
タイレストラン＆バー　Koh Phi phi,						神奈川県川崎市中原区新丸子町９１５‐２ サミットビル１Ｆ
THAIPINTO タイレストラン＆お弁当  伊勢原,						神奈川県伊勢原市沼目１-96-1
ワイズキッチン,						神奈川県横浜市金沢区谷津町１４８　岡本ビル101
ティンアン,						神奈川県横浜市神奈川区西神奈川３-16-1
タイスタイルダイニング　バーンナワミン,埼玉県さいたま市大宮区仲町2-42セッテイン大宮５階
サワディー 所沢店,埼玉県所沢市寿町27-7-203コンセールタワー所沢２Ｆ
サバーイ・サバーイ,埼玉県川越市南台2-5-14-28
SIAM SPICE,埼玉県川口市幸町2-2-16クレールマルシェ107
メーコン,埼玉県吉川市栄町712-1
ランマイ,埼玉県川越市田町5-1田町ビル２Ｆ
スワンナーキッチン,埼玉県秩父市野坂町1-16-8
ドイモイ ベトナミーズ アリオ川口店,埼玉県川口市並木元町1-79アリオ川口3F
サワディー,埼玉県さいたま市大宮区桜木町2-4-24サン企画ビル４Ｆ
マンゴスチン,埼玉県越谷市越ケ谷1-3-26
タイレストランルアンタイ,埼玉県川口市西川口1-27-10
チャントラー,埼玉県さいたま市浦和区仲町2-13-18須賀ビル２Ｆ
アジアン酒場ブラン,埼玉県熊谷市弥生2-771F
タイ料理 ぶあーるあん,埼玉県春日部市八木崎町8-1第一浜野マンション１Ｆ
タイ料理レストラン イサーン・プタイ,埼玉県さいたま市南区南浦和2-28-13高砂ビル３Ｆ
タイ国料理 ランナー,埼玉県所沢市小手指町1-10-21サイレンス１Ｆ
ベトナム家庭料理 カ ヤオ ca dao,埼玉県さいたま市見沼区大谷1935-1
タイ料理 デュシット,埼玉県さいたま市浦和区高砂1-8-3永井ビル３Ｆ
タイ料理 チョークディー,埼玉県越谷市大沢3-19-9
もじゃもじゃカフェ　ココロコーヒー,						埼玉県さいたま市南区白幡４-28-9
ニャーヴェトナム・フォー麺 TOKYO-BAYららぽーと,千葉県船橋市浜町2-1-1ＴＯＫＹＯ－ＢＡＹららぽーと３３Ｆ
バオバブ,千葉県柏市根戸469-18こまいぬビル２Ｆ
バイトン,千葉県市川市行徳駅前2-21-22行徳マンション１Ｆ
タイレストラン　プラトーン,千葉県市原市君塚2-13-11パールグレイ1F
ラビアン タイ,千葉県千葉市中央区松波4-20-6二葉ビル１０１
たいこくどう,千葉県君津市久留里市場536
アジアンダイニングルンビニ  野田ジャスコ店,千葉県野田市中根36-1ジャスコノア店1Fレストラン街
アジアンキッチン サワディー 新浦安,千葉県浦安市入船1-4-1ショッパーズプラザ新浦安店４Ｆ
アジアン酒場 クウ・アン,千葉県船橋市本町4-5-18小泉ビル1F
タイ料理はちみつ,千葉県香取市上小堀1418
Asian Ethnic Dining GOOD FRIEND,						千葉県野田市横内55-2
ガッチキ,						千葉県柏市柏１－６－５吉田ビル２Ｆ
Nha Viet Nam　柏高島屋ステーションモール店,						千葉県柏市末広町１‐１　柏高島屋ステーションモール１０Ｆ
新松戸本格ベトナム料理屋 チャミクアン 新松戸店,						千葉県松戸市新松戸２-31-2　若しばビル3F
エベレスト村,						千葉県松戸市新松戸１-486 栄場ビル1階
ファインテラス　東京ベイ舞浜ホテル,						千葉県浦安市舞浜1-34 東京ベイ舞浜ホテル　東京ディズニーリゾート(R)・オフィシャルホテル
ASIA TABLE　アジアテーブル,						千葉県千葉市中央区富士見２‐８‐９　バーニングプラザ２Ｆ
モンスーンカフェ　Monsoon Cafe　ららぽーとTOKYOBAY店,						千葉県船橋市浜町２－1－1南館3F 4920 
上台　五井店,						千葉県市原市五井中央西２-2-5　サンパークビル２F
パパイヤリーフ　ペリエ千葉店,						千葉県千葉市中央区新千葉１－1－1ペリエ千葉5F
タイエー 西浜店,北海道根室市西浜町3-10
タイランド,北海道帯広市自由が丘1-2
タイメシガーデン 札幌NORBESA店,北海道札幌市中央区南三条西5-1-1ノルベサビル３Ｆ
アジアン居酒屋 SURICK,北海道岩内郡岩内町高台1-1
アジアン食堂そん徳,北海道帯広市西17条南4-8-6
Thai Thai,沖縄県那覇市松山2-1-15沖縄サントリービル２Ｆ
ARIDOI,沖縄県沖縄市高原4-19-1
Asian Food Fuuten,沖縄県中頭郡北中城村島袋１２５２
タイ料理プリックタイ,沖縄県那覇市久米2-20-21
ベトナム料理 DAO,沖縄県那覇市松尾2-8-28
cafe GREEN GREEN,						沖縄県中頭郡北中城村渡口９５３
アジアン居酒屋　KUUSU（クウス）,						沖縄県宮古島市平良下里553－3
タイ国料理　ジャイタイ　沖縄店,						沖縄県中頭郡北谷町美浜１５－６９　カーニバルパーク美浜2F
全席完全個室　舞天　久茂地店,						沖縄県那覇市久茂地３－１１－２２
Thai Restaurant＆Bar　Chill Out,						沖縄県那覇市安里３ 88-6
Thaicoon,						沖縄県中頭郡北谷町港１０－１８　２F
アジアンキッチン　サイルーン,						沖縄県中頭郡読谷村字長浜1849-4
Ｔｈａｉ　ｃｕｉｓｉｎｅ　シーロム,						山形県山形市七日町３－３－４
タイメシガーデン,宮城県仙台市宮城野区榴岡2-1-25Ｂｉｖｉ仙台１Ｆ
cafe cyclo,宮城県仙台市青葉区国分町3-2-101F
タイ ランナ,宮城県亘理町逢隈中泉字東133-5
タイ ラック タイ,宮城県仙台市青葉区本町3-5-22
杜の都のグリーンカレー 定禅寺通り店,宮城県仙台市青葉区春日町1-20
サバイ・サバイ,宮城県仙台市青葉区木町通2-6-32
タイ料理の店六庵パヤット,宮城県仙台市青葉区吉成2-7-25
Ｍａｋａｎ,						宮城県仙台市青葉区一番町２‐５‐５
バンタイランナー,						宮城県仙台市青葉区一番町１丁目15-20 薗田ビル2階
ＢＩＳＴＲＯＴＨＡＩ　（ビストロタイ）,						宮城県仙台市青葉区本町２-12-1
Asian bistro D (アジアンビストロディ),						宮城県仙台市青葉区一番町４-５-４０　おの万一番町ビルB1
タイ料理レストランThaChang　仙台店 （タァチャン、ターチャン）,						宮城県仙台市青葉区本町１-1-1　アジュール仙台　地下1階
本格アジアン料理 Cho Lon(チョロン),						宮城県仙台市青葉区一番町２-5-5　一番町中央ビル2F
居酒屋　ベトナム酒場３３３,						宮城県仙台市青葉区一番町４宮城県仙台市青葉区一番町4-3-9第三藤原屋ビル３F
ルアンタイ,福島県郡山市堂前町22-1一心坂ビル1F
ASIAN ELEMENTS,福島県郡山市駅前1-8-21南通りビル１Ｆ
ベトナム料理店ミリサイゴン,福島県会津若松市大町1-4-1
香彩食房ハジャイ,						福島県会津若松市栄町１－２０　ハイジャイビル
ライタイ,						福島県郡山市日和田町朝日坦３３－４
ＢＡＬＩ５　バリゴ　バリ５,						福島県郡山市朝日２丁目11-13
ニャーヴェトナム　郡山店,						福島県郡山市駅前１－６－１０　ダイワロイネットホテル郡山駅前 2F
タイ料理　ロッディー,						東京都千代田区富士見２-5-10 B1F
ベトナムガーデン　新宿南口,						東京都渋谷区千駄ヶ谷５－２４－３　ＮＴＴドコモアネックス１－２Ｆ
ベトナムフロッグ  新橋店,						東京都港区東新橋１－５－２　汐留シティセンタービルＢ１
ベトナム食堂 cafe シクロ,						東京都杉並区浜田山２-18-1
ベトナム料理　フォントム館　日暮里本店,						東京都荒川区西日暮里２-16-2 LIMビルB1
ベトナム料理　サイゴンレストラン　池袋東口,						東京都豊島区東池袋１－７－１０　鳥駒第一ビル３Ｆ
ベトナム料理 VIET　XUA 新大久保,						東京都新宿区百人町２-6-2-601
本格ベトナム料理 タンヒエン 荻窪本店,						東京都杉並区荻窪５-16-23 リリーベル荻窪ビル 1 F
ベトナム料理ダイニング　リトルハノイ,						東京都墨田区菊川３-15-2
ベトナム料理　マイちゃん,						東京都世田谷区南烏山６‐33‐1‐2F
ベトナム料理レストラン　３３３,						東京都新宿区百人町１丁目８－１１　オリエンタルビル１Ｆ
ベトナム料理　オールドサイゴン　御徒町,						東京都台東区上野５－１９－６ 丸政ビル３F
ベトクァン ベトナム料理店,						東京都小平市学園西町２-２-１
ベトナム屋台タンザン,						東京都府中市美好町１丁目２０番４号シティマンション１階
ベトナム料理　コムヴィエトクァン　神田神保町本店,						東京都千代田区神田小川町３-11-2 インペリアル御茶ノ水　1F B104
ベトナム料理故郷レストラン,						東京都荒川区西日暮里５-21-6 2F
ベトナム料理専門店フォーおいしい小岩本店,						東京都江戸川区西小岩４－１４－２０
ベトナムレストランハローベトナム大塚,						東京都豊島区北大塚２-10-9
ベトナム料理専門店 チョンロウ 高田馬場,						東京都新宿区高田馬場１-17-18 高田馬場ST 2F
ベトナムレストラン 昔のベトナム 綾瀬本店,						東京都足立区綾瀬３-11-18
Soi Gapao (ソイガパオ),						神奈川県相模原市南区相模大野５-29-10-1-1F
mog mog（モグモグ）,						神奈川県川崎市高津区二子２－５－４８
ｍｍTHAI　エムエムタイ　みなとみらい・MMテラス,						神奈川県横浜市西区みなとみらい４-6-2 グランドセントラルタワー1F
ASIAN Restaurant & Bar BIJIYA 久地店,						神奈川県川崎市多摩区堰３-6-3
タイステーション　上大岡店,						神奈川県横浜市港南区上大岡西２-１０-２１
Aroi Dish,						神奈川県横浜市戸塚区品濃町539-7 Naito Building 3F
アジアンダイニング Q:U　（クー）　登戸,						神奈川県川崎市多摩区登戸３３８５－１
アジアン食堂　Kuu（クー）　マークイズみなとみらい店,						神奈川県横浜市西区みなとみらい３-５-１マークイズみなとみらい店4F
アジアンキッチン　サワディー横須賀,						神奈川県横須賀市本町２－１－１２　ショッパーズプラザ　シーサイド
JASMINE　ジャスミン,						神奈川県川崎市麻生区万福寺１－１２－１　クロスアベニュー新百合Ｂ１Ｆ
パリカール ,						神奈川県横浜市鶴見区市場大和町６－７
アジアンダイニングシムラン,						神奈川県相模原市南区東林間５-17-15
asian deli nagumo,						神奈川県鎌倉市大船１-8-3天正ビル１Ｆ-A
Dee アジアン食材・キッチン,						神奈川県小田原市南鴨宮１-9-22　白金ビル 1F-D
アジアン・キッチン　風来,						神奈川県小田原市西大友４２０
ティーヌン　川崎ダイス店,						神奈川県川崎市川崎区駅前本町８　ダイスビル６F
タイ料理ＥＮ　（えん）　相模横丁,						神奈川県相模原市中央区相模原２－４－１
ベトナムダイニング　シクロ（xichlo）湘南藤沢南口店,						神奈川県藤沢市南藤沢２３－１０　２Ｆ
中国料理＆タイ料理　チャイハナ　横浜西口店,						神奈川県横浜市神奈川区鶴屋町３-32-14 新港ビルB1F
ベトナム料理専門店　サイゴン　キムタン　SAIGON　KIM　THANH,						神奈川県川崎市川崎区東田町４－７　フロムＫビル１Ｆ
mango tree cafe　マンゴ　ツリー　カフェ,						埼玉県さいたま市大宮区錦町630　ルミネ大宮2　4Ｆ
タイキッチン　ウアムファン,						埼玉県さいたま市浦和区北浦和１-10‐6　2F
レストラン ロータスカフェ,						埼玉県上尾市原市５７０番地　天然温泉 花咲の湯1F
ヒマラヤンダイニング,						埼玉県所沢市くすのき台３‐１６‐２
ナマステニッポン,						埼玉県さいたま市西区大字指扇375-6
BonBonHuevo`n,						埼玉県入間市東町１-4-1
アジア　居酒屋　フルバリ　谷塚店,						埼玉県草加市瀬崎１-10-20 細川マンション
アジアンダイニング&バー　ナマステ朝霞　AsianDinning&Bar Namaste Asaka,						埼玉県朝霞市本町２－6－11
キッチンキング,						埼玉県川口市幸町１－１２－２３
バーンソングタイ,						埼玉県上尾市柏座１-13-3　2F
インドアジアンダイニング　ママ,						埼玉県三郷市早稲田１-5-8
ダナパニ　入間市店,						埼玉県入間市上藤沢461-5
ダナパニ　川越新宿町店,						埼玉県川越市新宿町１－１８－９　ウエスタハモニカ1・2F
エスニックKU：グー,						埼玉県越谷市南越谷１－１６－３中央南越谷ビルB1
ME KONG,						埼玉県さいたま市浦和区常盤９-33-3
オイシイ。フォー,						埼玉県川越市脇田本町6-10　秀永川越ビル３F
タイ料理　マリタイ　ＭＡＬＩＴＨＡＩ,						埼玉県さいたま市大宮区大門町３-163-1 第５松ビル　２Ｆ
タイ料理＆ワイン ～RUFUS～,						埼玉県さいたま市大宮区宮町４－4　花のシマムラビル　５F 
ベトナム料理専門店　MA LONG QUAN　西川口,						埼玉県川口市並木３-12-3 2F
ベトナム料理 ＮＡＭ ＶＩＥＮ ＱＵＡＮ 上福岡,						埼玉県ふじみ野市上福岡１-2-23
TINUN　（ティーヌン）　海浜幕張店,						千葉県千葉市美浜区ひび野１‐９　スーク海浜幕張３Ｆ
タイ バル　チャンカーオ,						千葉県船橋市本町７-9-6
アジアンカフェ&ダイニング　フランジパニ　我孫子店,						千葉県我孫子市我孫子１-1-16　カドマツビル2F
タイレストラン ＳＡＰ　船橋店,						千葉県船橋市本町１－１１－５
SIAM HOUSE　(シアムハウス）　稲毛店,						千葉県千葉市稲毛区小仲台７-20-1 第２SKビル２F 
アジアンダイニングシヴァ,						千葉県船橋市三山７-12-7 1-A
モンスーンカフェ　Monsoon Cafe　舞浜イクスピアリ,						千葉県浦安市舞浜1-4　イクスピアリ　グレイシャススクエアー3F
アジアンバル　MAE963,						千葉県船橋市本町１－８－２９　FSビル４Ｆ
フォーゴン,						千葉県市川市行徳駅前２-21-9-102
THAI & ASIAN　レモングラス　海浜幕張WBGマリブダイニング店,						千葉県千葉市美浜区中瀬２-6-1　WBGマリブダイニング２F
柏アジアンダイニング　ルンビニ　柏店,						千葉県柏市柏３-3-16　アンジェリークトキワ　【1階】
新松戸アジアンダイニング　ルンビニ　新松戸店,						千葉県松戸市新松戸４－５６　松正ビル　【１階】
タイ料理レストラン　ティーチャバ　柏,						千葉県柏市泉町6-60 ケンユウビル2Ｆ
インド・ネパール＆タイ料理　アティティ,						千葉県木更津市東太田１-10-22
タイ国惣菜屋台料理ゲウチャイ成田店,						千葉県成田市ウイング土屋２４　イオンモール成田1F
タイ料理　バンラック　北松戸,						千葉県松戸市上本郷858-4
タイ料理レストラン コンカノック,						千葉県松戸市松戸新田577-57
ベトナム食堂 フォーホア 船橋,						千葉県船橋市本町１-5-1 ネクスト船橋1F
ベトナム料理SEN 船橋店,						千葉県船橋市本町２-26-25
ベトナム料理　フォーラン,						千葉県松戸市小金きよしケ丘２-5-26
メナム 星ヶ丘店,栃木県宇都宮市星ヶ丘2-9-25
B.M. ニューアライバルカフェ&レストラン,栃木県宇都宮市陽東7-14-13NEW銀座館202
象の家,栃木県宇都宮市大谷町1092
タイレストランメコン,栃木県小山市若木町3-20-45
ミナトング,栃木県宇都宮市宿郷1-14-6
メナム 駅東店,栃木県宇都宮市東宿御2-7-9
バソップ チャイ,栃木県小山市天神町1-4-25一徳ハイツパート２
アジアンちゃんぷるぅムード東洋,						栃木県鹿沼市東町２－１－３６
ナムティップ,						栃木県宇都宮市簗瀬町８３７
クルンテープ,						栃木県宇都宮市東宿郷３－５－８
アジアンオールドバザール　メコンレストラン,						栃木県那須郡那須町湯本ツムジガ平５０６－２０
BALI'S（バリズ）,						栃木県宇都宮市江野町7-7
アジアン食堂　Saigon（アジアンショクドウサイゴン）,						栃木県宇都宮市鶴田町3397-16　
グリーンバナナ,茨城県水戸市米沢町117-1
バンセンストア,茨城県水戸市平戸町367-1
ASIAN a table sanuk,茨城県水戸市南町2-1-581F
タイバンコク,茨城県稲敷郡阿見町大字荒川本郷1329-2
タンナタイ・タイレストラン,茨城県古河市仁連1350-11
ランパン,茨城県神栖市大野原3-4-1
ルアンタイ,茨城県水戸市吉沢町273-1ホワイトルミネ１Ｆ
タイ料理カティ,茨城県ひたちなか市勝田泉町2-1
ベトナム料理ランブータン,茨城県水戸市見川2-108-26
ベトナム料理ランブータン,茨城県日立市幸町1-7-1
ラカントーン,						茨城県ひたちなか市勝田泉町１３－３
オリエンタルキッチン　Yu-Ki (ユーキ),						茨城県つくば市吾妻３－１２－１
アジアン酒場　門星（モンスター）,						茨城県つくば市竹園１－９－２　デイズタウンＢ１Ｆ
チェンカム,群馬県高崎市本町175
Thai Thai,群馬県桐生市巴町2-1821
Nha　Viet Nam 高崎LABI店,群馬県高崎市栄町1-1LABI高崎5F
タイ料理レストランライタイ,群馬県高崎市吉井町岩崎2653
ベトナム料理サイゴン,群馬県太田市飯田町1404
ベトナム料理アンナム,群馬県桐生市広沢町2-3292-1
アジアンキッチン　ムー・タオ,						群馬県高崎市連雀町５７－２　昌見ビル地下
タイ料理＆食材　シャム,						群馬県館林市本町３－９－６　1F
タイ料理レストラン　キンジューヤンタイ,						群馬県館林市松原２－２１－７
ちゃど,新潟県新潟市中央区本町通6番町1105
蘭タイ,新潟県新潟市天神1-19-10
プエン　タイレストラン,						新潟県新潟市中央区南万代町4-24 レスペースＫ
Spicy Market 新発田店（スパイシーマーケット）,						新潟県新発田市舟入８３０－１
Spicy Market 小針店（スパイシーマーケット）,						新潟県新潟市西区平島１-17-8
asian dining Lotus Lagoon（ロータスラグーン）,						新潟県新潟市中央区花園１‐5‐3　ネットワークビル1F
Spicy Market 女池店（スパイシーマーケット）,						新潟県新潟市中央区女池1790番地
Spicy Market 上木戸店（スパイシーマーケット）,						新潟県新潟市東区上木戸２丁目3-4
Spicy Market 駅前店（スパイシーマーケット）,						新潟県新潟市中央区東大通１-5-27　新潟セーヌビル2Ｆ
タイ料理 Thai Fight Gold(タイファイゴールド),						新潟県新潟市中央区古町通八番町1504番地 ヴィジョネアビル2F
ベトナムキッチン　アオザイ,						新潟県新潟市中央区弁天３－２－２４　
グラッドリー,山梨県南都留郡忍野村忍草3333-1
サワッディー,山梨県甲州市大和町日影194-2
アジア美味 香家,長野県松本市深志2-6-14
asian・night・market,長野県長野市大字長野東後町2-1
タイレストラントールン,長野県北佐久郡御代田町大字馬瀬口1497-17
パッタイクン,長野県長野市大字鶴賀緑町2112
ディナ,長野県須坂市大字須坂1230-43
タイレストランマイパイ,長野県松本市中央1-10-34
サバイ,長野県佐久市中込1-4-9
トムヤンクン,長野県松本市中央1-15-6
Ｔｏｍｔｈａｉ,長野県小諸市南町1-4-6
アロイ食堂,長野県長野市新田町1108
ほっとベトナム Weekend,長野県安曇野市明科中川手3740-6
無国籍ダイニングKu（クー）長野店,						長野県長野市南千歳860-4　懐石舎ビル2Ｆ
無国籍ダイニングKu(クー)　松本店,						長野県松本市中央１-10-34　公園通りビル2F
AsianDining&Bar　Pelangi　プランギ,						長野県長野市鶴賀南千歳町８６２-１
vietnamese cuisin CHAONGON（ベトナム・キュイジーヌ　　チャオゴン）,						長野県長野市南千歳町８５５－３
タイ屋台・麺料理専門店 Ryu-goow,北海道札幌市豊平区美園3条7-3-15
タイ料理　パタヤ,北海道札幌市中央区南3条西3サンスリービル4F
タイ国料理ジッラダ,北海道札幌市中央区南4条西5-5-32
旬菜ダイニング　福わらい,						北海道室蘭市中央町２－３－１６
スリヨタイ,						北海道札幌市北区北１１条西３ノースタウンハウス1F
タイの人気屋台メシ専門店　Cao★マンガイ,						北海道札幌市中央区南５条西４丁目1-3 日劇ビル2階
NAHRAK ASIAN SOUPSTAND（ナーラックアジアンスープスタンド）,						北海道旭川市永山２条２丁目5-4
酒菜こねぎ,						北海道室蘭市中島町１－９－１８　G4ビル2階
チェーズ,						北海道函館市松風町７－５　ひかりの屋台　大門横丁
ASIA－TEI Trang Tron　トラントロン,						北海道札幌市中央区南６条西４タカセビル　1Ｆ
サイアム　ＴＨＡＩ　Restaurant,						北海道札幌市西区琴似１条２－５－３ハシモトビル２F
タイズ　札幌パセオ店,						北海道札幌市北区北６条西２-1-7 パセオウエストB1F
タイ料理中国料理　潮華,						北海道帯広市西１０条南９－１２－２
PARCO BEER GARDEN,						北海道札幌市中央区南１条西３丁目３　札幌PARCO屋上
アジアンスタンド　STANLEY MARKET スタンレーマーケット,						北海道札幌市中央区南２条西５丁目　Ｕ’Ｓ ＬＡＢ２Ｆ
アガリコサッポロ,						北海道札幌市中央区南５条西４丁目ライラック通り内２Ｆ
タイ屋台飯＆バー　soi33,						北海道函館市本町34-7
多国籍ダイニング　クレメントストリート,						北海道函館市本町32-29
屋台料理　CAMCAM　（ カムカム ）,						北海道札幌市中央区南２条西７丁目　Ｍ’ｓスペース１Ｆ
タイ料理店　ルンゴカーニバル,						北海道札幌市中央区南１条西４丁目　藤井ビル２Ｆ
カレーテリア 沙羅,鹿児島県鹿児島市東千石町5-26
南の村,宮崎県児湯郡木城町大字高城4480-1
亜細亜食堂　cago,						大分県中津市本耶馬渓町曽木４５９－９
cafe Liti,熊本県熊本市西子飼町7-7
nila KAMAL,長崎県佐世保市松川町17-17
コン・ビン・ザン,佐賀県佐賀市松原1-2-18
スアン,高知県高知市帯屋町2-1-29暖流ビル２階
Four Sｅａｓｏｎｓ,愛媛県松山市須賀町1-32
アジアン食彩歡,徳島県阿南市領家町土倉14-1
オーキッド,香川県高松市丸亀町5-10
タイ式焼きそば メラ,山口県周南市代々木通1-25
BANTHAI RESTAURANT,島根県松江市袖師町9-30
かるだもん,鳥取県鳥取市商栄町282-5水田ビル1F
ベトナミーズカフェ ミスホア,広島県広島市中区基町6-78専門店街パセーラ
ユワデーのタイ料理,岡山県久米郡美咲町原田3155-1みほビル1F
ふくだ屋,						和歌山県和歌山市北坂ノ上丁２５
サワディー,広島県広島市中区袋町4-6袋町五番館3F
ぴぃすぅあ,広島県広島市安佐北区可部8-14-10
アプサラス(APSARAS),広島県東広島市西条中央1-8-31
GB style-CAFE　そごう広島店,						広島県広島市中区基町6-27　そごう広島店　新館地下１F
アジアのお茶cafe ami　,						広島県広島市南区東雲１－１４－３２
phaa pai THAI　（パーパイタイ)　明治町店,						広島県福山市明治町2-29明治ビル
曼谷カフェ,福岡県福岡市中央区赤坂2-2-45
MKレストラン 野間店,福岡県福岡市南区野間2-2-8
モジョタイ,福岡県北九州市小倉北区鍛冶町1-2-2坪根ビル2F
サラ リム ナム,福岡県福岡市中央区赤坂3-9-25ステップ・ザ・赤坂2F
MKレストラン中間店,福岡県中間市蓮花寺2-3-1
華々美人 福岡天神コア店,福岡県福岡市中央区天神1-11-11天神コア7階
ドゥワンディー,福岡県福岡市中央区薬院1-12-32薬院パーキングビル105号
サラタイ,福岡県福岡市博多区博多駅前3-19-14ビーエスビル博多1F
プラウチャイ,福岡県福岡市中央区薬院2-3-6Mビル2F
GUMRUNDEE,福岡県福岡市中央区大名1-13-12大名ことうビル2F
タイ料理＆ヌードル オシャ,福岡県福岡市南区大橋1-23-21安部ビル１Ｆ
ベトナム料理ＳＡＩ―ＧＯＮ,福岡県福岡市中央区天神4-1-9
ミスサイゴンベトナム料理店,福岡県福岡市東区土井1-22-23
参遍来,						広島県尾道市土堂２－９－１９
スチーム海,						広島県広島市中区富士見町13-13サンビレッジビル2F
ダイニングバー　L.d.k.　五日市店,						広島県広島市佐伯区五日市駅前１－３－２１
Resort　リゾート,						広島県福山市西町１－１－１　RiM-ｆ（リム・ふくやま）８Ｆ
Im Aroi（イムアロイ）,						広島県広島市中区本通8ー15  HM本通会館3F B室
にんにくやマナオ,						広島県広島市中区立町6-11 立町ビル2F
バルタン　食堂,						広島県広島市南区大須賀町13-2 1F・2F
サワディ　レモングラスグリル,						広島県広島市中区堀川町5-2　モーツァルトハウス4F
ホテルチューリッヒ　サワディレモングラスグリル,						広島県広島市東区光町２丁目7-31
ベトナムダイニング   MINH THIEN,						広島県広島市中区銀山町12-21 Fビル5F
ダイニング バロンジャヤ 錦町店,鳥取県米子市錦町3-90
パナワ,鳥取県米子市東倉吉町91-1
アイワナドゥ 岩戸,鳥取県鳥取市福部町岩戸276
まなまな,山口県美祢郡美東町真名445
パシフィック・ブルー(PACIFIC・BLUE),山口県宇部市松島町18-3
アジアンバグース,香川県高松市古馬場町11-6長楽ビル１F
タイ料理店 Orchid,香川県高松市屋島西町1464プラザビル１Ｆ
mon mon ca phe vietnam,						香川県高松市瓦町２-8-18
居酒屋　せきや,						香川県高松市片原町　２－３　１F
ベトナムカフェ AN COM,徳島県徳島市富田町1-20ＫＥＮＢＡＮビル１Ｆ
iris Kafe【４月26日オープン】,						徳島県徳島市東船場町１-12　斎藤ビル2F
Asian Dining Chang,						高知県高知市本町２－１－３４　ＭＳビル１Ｆ
ハンちゃんのベトナム料理店,福岡県福岡市博多区博多駅前2-11-16第二大西ビル1Ｆ
ベトナム料理店ミィトォーレストラン,福岡県福岡市南区玉川町13-18
餃子屋弐ノ弐　警固店,						福岡県福岡市中央区警固２-11-15 1F
ＢＡＮＤＡＲ　（バンダル）,						福岡県福岡市中央区大宮２-1-21　1・2F
ベトナミーズ chau bau　（チャウバウ）薬院,						福岡県福岡市中央区渡辺通２-9-12
ラーンガンエーン,						福岡県福岡市中央区大名１-10-21　大名エイトビル2　１階
プリンセス・ピピ,						福岡県北九州市門司区西海岸１丁目4-7 B1・1F
ダン　Ｄａｎｇ,						福岡県福岡市博多区博多駅前３－２６－５　Mビル1号館　B1F
Sai-Gon,						福岡県福岡市中央区天神３－６－２４　スコーレ第2天神ビル1F
タイ料理　カオサン,						福岡県福岡市中央区薬院２-16-11
Vietnam cafe restaurant ngon ngon,						福岡県福岡市中央区平尾１-12-28露町ビル1F
ベトナム料理　南十字星,						福岡県福岡市博多区博多駅南４－１２－２７　久栄ビル1F
ブートレグ,						福岡県福岡市城南区七隈４－８－１７　大原マンション1F
Local Food Kitchen TIKI（ティキ）　,						福岡県久留米市東町30-9
海鮮焼鳥酒膳　鳥政　北九州,						福岡県北九州市小倉北区日明３－４－３　小森ビル1F
台湾火鍋専門店　火婆（ヒヒヒ　ヒーハー）,						福岡県北九州市小倉北区鍛冶町１-1-16 2F
ガムランディー,						福岡県福岡市中央区大名１-1-20 南風ビルＢ1
Rice people Nice people（ライスピープル ナイスピープル） KITTE博多/マルイ,						福岡県福岡市博多区博多駅中央街9-1 KITTE博多9F
ハンモック　カフェ Part du monde(パーデュモンド),						福岡県福岡市中央区舞鶴１丁目8-39
ベトナムビストロ　asiatico（アジアティコ）,						福岡県福岡市中央区大名１-2-31　大名Tビル１F
プーケットカフェ,長崎県佐世保市下京町1-12
ウートゥルメール,						長崎県長崎市出来大工町３９　ミレニュー1F
Asian bistro 333 (バーバーバー)　,						熊本県熊本市中央区草葉町4-5草葉マンション1Ｆ
Raku-zou　（ラクゾウ）,						大分県大分市中央町４‐１‐３０芦刈ビル２階
アンサナー,宮崎県宮崎市まなび野3-13-1
タイキッチン・チャイヨー,宮崎県宮崎市船塚3-155
A.Dining TRISARA　(アジアンダイニングトリサラ),						宮崎県宮崎市橘通西２-7-7-1F
創作料理　魚や,						宮崎県都城市広原町９－１１
ベトナム料理 コムゴン,奈良県奈良市東向南町19吉田ビル2F
RAHOTSU,奈良県奈良市高畑町1073-2
マーイタイ,奈良県大和高田市北本町5-13
タイ料理亜路居亭,奈良県橿原市四条町862-2セジュール医大前１階
Deep Asia Dining 草津店,						滋賀県草津市野村２丁目22-13 サントリービル1Ｆ
タイ料理レストラン ラナハーン 守山店,滋賀県守山市勝部1-19-16守山ＳＫビル１Ｆ
チェンライ,三重県志摩市阿児町鵜方4033-1
BANTHAI,静岡県浜松市東区西塚町304-4
咲爛慕,岐阜県高山市国府町広瀬町977
モンナリッサの森,福井県福井市中央1-6-6ヴィラサンタマリア1Ｆ
タイ料理マイタイ,富山県富山市常盤町4-16
ティーヌン 片町店,石川県金沢市片町2-1-12
泰苑,青森県青森市栄町2-9-18
タイラーメンティーヌーン八戸店,青森県八戸市類家4-11-17
グローバルキッチン,青森県三沢市字古間木山140-9
グローバルキッチン　居酒屋　サイゴン,						青森県青森市古川１-２０－４
無国籍居酒屋　BON,						青森県八戸市長横町18
ダイニングバー善(DiningBar),石川県金沢市神宮寺2-10-11
アロイ,石川県金沢市入江2-173
カフェ スーア,京都府京都市上京区一条通浄福寺西入ル泰童町288
チャアームビーチカフェ,兵庫県神戸市中央区東川崎町1-6-1神戸ハーバーランド・モザイク２Ｆ
アジアン食堂　蓮華堂,						大阪府大阪市中央区西心斎橋２－８－３　ラフィーヌ西心斎橋１Ｆ
？　はてな,						大阪府大阪市中央区東心斎橋１‐１７‐２
Ｆａａ Ｔｈａｉ,						大阪府大阪市中央区淡路町２-1-10 ユニ船場101号
スバカマナ 西尾店,愛知県西尾市住崎1-6
kuk kik NOODLES,愛知県幡豆郡吉良町大字宮迫字大迫86-3アンコールミュージアム内
ホンハ,愛知県名古屋市昭和区花見通1-44-5
スコンター,愛知県名古屋市中区栄4-7-24栄デザインビル２Ｆ
MANDALAY,愛知県名古屋市昭和区前山町1-21-1
トラン,愛知県岡崎市石神町1-2
エイジアン キュイジーヌ ダラット,愛知県名古屋市中区栄5-26-1
ホットウェーブ,愛知県名古屋市中区新栄1-6-3
MENAM,愛知県岡崎市石神町1-2愛石ビル１F
サイゴン ミックス,愛知県名古屋市中区大須3-42-6ともしびアパート101
Annam blue 名駅店,愛知県名古屋市中村区名駅4-25-16第２日東伸銅ビル１Ｆ
コカ・レストラン,愛知県名古屋市中区錦3-24-4サンシャイン栄６Ｆ
タイ料理専門店 ネオタイ,大阪府大阪市福島区福島1-4-39
タイ料理レストラン ブッサリン,大阪府大阪市中央区南船場1-7-13
ベトナム料理 サイゴンオペラ　ブリーゼブリーゼ,大阪府大阪市北区梅田2-4-9ブリーゼブリーゼ５Ｆ
アン ナン ブルー ブンカフェ,愛知県名古屋市東区泉3-19-3第三万景ビル１Ｆ
アンナン ブルー 本店,愛知県名古屋市千種区吹上1-1-1青柳ビル１Ｆ
スバカマナ 岡崎店,愛知県岡崎市材木町1-18第１高木ビル１Ｆ
スバカマナ 刈谷店,愛知県刈谷市恩田町6-69-1
バーン・ヌー,愛知県岡崎市唐沢町1-19杉浦ビル1F
ベトナム フロッグ 福島店,大阪府大阪市福島区福島6-1-39
ベトナム食堂 anh,大阪府大阪市西区南堀江4-20-6
居酒屋あきの庵,						大阪府大阪市城東区諏訪３－９－２
Rivers BAR Condo,						大阪府大阪市中央区北浜１-1-12 Y'sピア北浜　7F
hua huo,						大阪府岸和田市土生町９－１１－８
タイキュイジーヌ　ショントン,						大阪府高槻市北園町18-1 コーケンビル２Ｆ
マンゴツリーキッチン　”カオマンガイ”,						大阪府大阪市北区大深町4-1 グランフロント大阪　うめきた広場B１階
みうらや　タイ食堂,						大阪府大阪市北区角田町9-25
麦酒食堂 BEER & BEAR,大阪府大阪市中央区博労町3-4-9
ティップサイヤム,大阪府大阪市北区堂山町8-21石本ビルＢ１Ｆ
マダムフォン,大阪府大阪市北区曾根崎新地1-10-16永楽ビルＢ１Ｆ
メサイ,大阪府大阪市北区天神橋1-12-20
マルム,大阪府大阪市天王寺区堂ヶ芝1-8-8
コカ,大阪府大阪市浪速区大国2-6-2ベル・ソーレダイワ１Ｆ
ヌンディアウ,大阪府大阪市北区天神橋5-7-12天五共栄ビル１０４
アジア味市場 BAKU ヨドバシ梅田店 ヨドバシ梅田店,大阪府大阪市北区大深町1-1ヨドバシカメラマルチメディア梅田8F
ランナ タイ,大阪府大阪市中央区心斎橋筋1-2-24玉置ビル２Ｆ
ファンサパロット,大阪府大阪市中央区日本橋1-17-23
THE RACHA SUKI THAI,大阪府大阪市北区曾根崎2-5-30ボン・ヌーボービル７Ｆ
サバーイ,大阪府松原市岡2-4-15
PHO4U,大阪府大阪市中央区難波5NAMBAなんなん地下街階段番号E8すぐ
LITTLE　HANOI,大阪府大阪市中央区瓦町1-7-15レガーロ堺筋本町1F
沖縄＆アジアンダイニングバー,大阪府大阪市天王寺区東上町4-18真和ビル1F
アジアンキッチン 阪急グランドビル店,大阪府大阪市北区角田町8-47阪急グランドビル３１Ｆ
LET CAFE,大阪府大阪市中央区玉造1-7-22
クンテープ ガァウタイ,大阪府大阪市中央区難波5なんなんタウン１１号
メコン,大阪府大阪市中央区西心斎橋1-6-21ラフェニーチェＢ１Ｆ
LuaMoi,大阪府大阪市淀川区西中島4-13-24花原第3ビル1階
炭火やきとり とりなす,大阪府門真市新橋町8-10
Neo Thai,大阪府大阪市中央区東高麗橋1-32天神ビル２Ｆ
Jai Thai（チャイタイ）,大阪府大阪市中央区宗右衛門町3-16大和産業ビル２Ｆ
中国小菜 双琉,大阪府大阪市住吉区苅田5-6-5メゾン大友1F
Quickly  アリオ八尾店,大阪府八尾市光町2-3
A151-factory！,大阪府大阪市福島区福島7-17-21ベルメゾン福島１Ｆ
BLUE LOTUS,大阪府大阪市北区梅田3-1-1アクティ大阪１６Ｆ
シィータイ,大阪府堺市堺区南花田口町1-1-21辻野ビル１Ｆ
Meo,大阪府都島区内代町1-4-3メンソン宝内代1F
Thailand Kitchen,大阪府大阪市北区堂島2-1-39日食物産ビルＢ１Ｆ
New CHAODIN,大阪府大阪市北区兎我野町5-7日宝とがの町ビル1F
ワールドスタイル,大阪府箕面市白島331112f
ぶっかけタイ飯屋 タマダー,大阪府大阪市中央区南船場1-12-27
Thai Restaurant Tomyamkun,大阪府大阪市中央区心斎橋筋2-3-13リップル宗右衛門町1F
アジアン食堂蓮華堂,大阪府大阪市東住吉区駒川5-6-12
アジアン麺茶  大阪マルビル店,大阪府大阪市北区梅田1-9-20大阪マルビルＢ２Ｆ
タイレストラン ムウァン タイ,大阪府大阪市北区兎我野町9-23聚楽ビル１０１
タイ料理カフェ CHANG THAI,大阪府大阪市北区兔我野町3-19水野ビル2F
タイズ　あべのＨｏｏｐ店,						大阪府大阪市阿倍野区阿倍野筋１-2-30　あべのHoop　B1F
Two Chefs,						大阪府大阪市淀川区十三東１-８-１２
のんびり屋,						大阪府大阪市福島区福島８-19-2　ヴィサージュ1F
Asian kitchen Cafe 百福,						大阪府大阪市西区九条１-3-12
チェディルアン 淀屋橋,						大阪府大阪市中央区北浜４-7-28
クンテープ　道頓堀本店,						大阪府大阪市中央区道頓堀１－６－１４　平松扇屋ビルＢ１Ｆ
TAWAN THAI　(タワン　タイ),						大阪府大阪市中央区南船場２－６－２１　グランビルド心斎橋１Ｆ
Chet`s Inn,						大阪府泉佐野市若宮町5－5
Cafe & Bar Sabaidee,						大阪府大阪市福島区鷺洲２-10-26
Annam blue ブン・カフェ,愛知県名古屋市千種区東山通3-26ハイネス東山１Ｆ
アン ナン ブルー 栄店,愛知県名古屋市東区東桜1-2-29
アジアンキッチン・バイトーン(Baitoong),愛知県名古屋市千種区末盛通3-30
ASIAN DINING WARUNG PHUAN,愛知県名古屋市千種区内山3-20-19
タイ国料理 パタヤ,愛知県愛知郡長久手町山越506-3
タイ国料理 ニオ,愛知県安城市東栄町3-4-7
ベトナムレストラン Cafe モッチャム2,愛知県名古屋市中区栄3-12-6インペリアルプラザＢ１Ｆ
BANGKOK タイ料理,愛知県名古屋市中区栄4-20-9六本木ビル1Ｆ
アジアン食堂グリドルズ,						大阪府大阪市北区曽根崎新地１丁目８－６　山忠ビル１号館１Ｆ
タイ料理店　ディーディー,						大阪府高槻市紺屋町8-3
ORIENTAL BUDDHA　オリエンタルブッダ,						大阪府大阪市北区小松原町１－１６ モコビル４F　
タイ式豚鍋　豚や,						大阪府吹田市昭和町７－１７
エレファントカフェ　茶屋町,						大阪府大阪市北区茶屋町２－２８ 茶屋町MDビル１～２F
バリラックス・ザ・ガーデン　南堀江,						大阪府大阪市西区南堀江１-９-１　現代オレンジビル ３Ｆ 
クワンチャイ　淀屋橋店,						大阪府大阪市中央区高麗橋２－３－５　柳湖堂ビルB1F
モンスーンカフェ 茶屋町,						大阪府大阪市北区茶屋町15-22 アーバンテラス茶屋町A棟4F
チェディルアン　北堀江本店,						大阪府大阪市西区北堀江１-17-11
高槻食材を世界へ轟かす Ethnic＆Craft beer　T’s★PHO（ティーズスターフォー）,						大阪府高槻市高槻町6-13　１F
アジアンバル　フロッグス,						大阪府大阪市北区梅田１-11-4大阪市北区梅田　大阪駅前第4ビルB1F
Lamoon,						大阪府大阪市中央区南久宝寺町２-6-4
コサムイ　バイ　チェディルアン,						大阪府大阪市北区梅田２－２２ ハービスエント３階 
クワンチャイ　梅田店,						大阪府大阪市北区梅田２-4-9 ブリーゼブリーゼ５Ｆ
Aroi Yathai,						大阪府大阪市中央区内本町２-3-8　ダイアパレスビル本町地下1F-113A
パパイヤ　タイ食堂,						大阪府枚方市南楠葉１－３－３
asiantable（アジアンテイブル）　あべのハルカスダイニング店,						大阪府大阪市阿倍野区阿倍野筋１-1-43　あべのハルカスダイニング　14Ｆ
caffe cocolo,兵庫県尼崎市南武庫之荘1-18-22ニノミヤ大井戸ビル１Ｆ
鴻華園,兵庫県神戸市中央区中山手通2-21-12
亜細亜市場,兵庫県神戸市垂水区神田町7-3
ハングリーアイ,兵庫県姫路市西二階町32
サイアム(Siam),兵庫県姫路市魚町33兵庫県姫路市魚町33シャトー・ドウ・ゴールドビル
バーンパクチー,兵庫県神戸市中央区元町通2-3-18
Cafe・イサラ,兵庫県西宮市上大市1-8-19
メコン,兵庫県神戸市東灘区向洋町中5-15マーケットシーンリバーモールウエスト２Ｆ
バーンタイ,兵庫県神戸市中央区北長狭通1-8-8しんせい堂ビル１Ｆ
龍子閣,兵庫県神戸市中央区元町通2-2-8
Saigon-Paris GARDEN 別館,兵庫県芦屋市茶屋之町11-8
ロクツボヤ,兵庫県神戸市中央区栄町通1-3-14陳ビル2・3F
ラム・ハノイ,兵庫県神戸市中央区元町通1-10-12ももの木ビル1F
LAITHAI,兵庫県明石市大道町2-12-14Ｊ．Ｔ．Ｉビル１Ｆ
BAAN SOMDET,兵庫県神戸市中央区北長狭通2-5-1タイシンサンセットビル３Ｆ
ラム ハノイ 鷹取店,兵庫県神戸市長田区浪松町2-1-15
ホアン マイ,兵庫県姫路市本町68-290イーグレ姫路１Ｆ
タン・カフェ,兵庫県神戸市中央区三ノ宮町1-8-1さんプラザＢ１Ｆ
ベトナム屋台めし　ムサク,						石川県野々市市本町６-14-43　野々市パリエ（旧第2トキオビル）1階
エスニックビアガーデン,						石川県金沢市片町２丁目３－６　エイケンビル９階
アジアンカフェ＆バル　ガルーダ,						石川県金沢市藤江北２ 387
ティエン・コム・ベトナム,富山県富山市黒瀬277-1
プラトゥータイ,						福井県福井市文京４丁目４－３－２Ｆ
アジアンキッチン　chanoma,						福井県福井市新保１丁目１４０２
ベトナム料理 トゥ・アン 藤が丘店,愛知県名古屋市名東区明が丘50
アジアンビーチリゾートスタイルダイニングバー　プルクラカフェ,						愛知県弥富市鯏浦町中六６４番地
kafe Ayam　カフェアヤム,						愛知県名古屋市千種区日和町３-32　コーポ大松1F
スバカマナ　西尾店,						愛知県西尾市山下町八幡山１７－１
Siam Garden　サイアムガーデン,						愛知県名古屋市中区錦１－１５－１７
アジアン屋台ミネマツ屋,						愛知県豊田市小坂本町１－１７
HONG HA,						愛知県名古屋市天白区八幡山734-1
Ａｎｎａｍ ｂｌｕｅ　ブンカフェ　金山,						愛知県名古屋市熱田区金山町１－4－1　ビルディング第一金山１Ｆ
メヌードス　ナゴヤ,						愛知県名古屋市東区東桜１丁目２－２９　３Ｆ
ディープジョティ　笠寺,						愛知県名古屋市南区柵下町１－２　陽明１Ｆ
サワデーすみ芳　栄店,						愛知県名古屋市中区栄３－9-30　柘植ビル２Ｆ
スコンター　金山店,						愛知県名古屋市熱田区金山町１-3-6　金山ブリッジビルB1F
ＳＵＫＨＯＮＴＨＡ　錦店,						愛知県名古屋市中区錦３－１８－１３　アミューズ錦ビル1F
Sukhontha　（スコンター）　名駅店,						愛知県名古屋市中村区名駅３‐１６‐１４
スコンター大須,						愛知県名古屋市中区大須３-45-2 ランドプール大須 2F
ニャーヴェトナム　名古屋店,						愛知県名古屋市中村区椿町１８－１０　ダイワロイネットホテル名古屋太閤通口 1F
スバカマナ　豊田店,						愛知県豊田市若宮町１－５７－１　 T-FACE B館　9F
タイ料理 ワルンプアンサタニー 大名古屋ビルヂング店 ,						愛知県名古屋市中村区名駅３-28-12　3F
ドンコーイ　モンアン　ベトナム,						愛知県岩倉市川井町白山４１
インド&ベトナム料理　スバカマナ　刈谷店,						愛知県刈谷市築地町１－１７－７
EL DADACO,						岐阜県各務原市鵜沼西町３－１４５－２
DOGCAFE　&　FACTORY　WOOF,						岐阜県岐阜市中２－１３０－１
Indian&Nepal　Restaurant prakash,						岐阜県岐阜市芋島３－６－６
地球屋 飛騨高山店,						岐阜県高山市本町３－１８
タイランド,静岡県浜松市中区小豆餅3-4-1
リトルサイゴン,静岡県浜松市三方原町194-1
Ｂａａｎ　Ｔｈａｉ,静岡県富士市今泉1694-5
アローイ・アロイ,静岡県静岡市葵区西門町2-14
アジアンダイニング HAGI,静岡県静岡市清水区谷田8-3
SAVA　SAVA　NUT,						静岡県浜松市東区笠井町１４８９－７
レストランテ　ピリピリ,						静岡県沼津市北高島町４－３５
アジア食堂 amakara,						静岡県静岡市駿河区用宗２－１７－１
サバーイ・ディール,						静岡県静岡市葵区紺屋町６－１３　松永ビル２Ｆ
レストランNORI,						静岡県伊東市湯川２－５－３
BASE ベース,						静岡県浜松市中区伝馬町312-21 カメヤビル南館2F
リゾートダイニング　コロニアルキッチン　本店,						静岡県静岡市葵区紺屋町８－３　最上ビル２Ｆ
BALI HAI（バリハイ） 焼津店,						静岡県焼津市小土１２４４－１
フォーハノイサード 三方原店,						静岡県浜松市北区根洗町803-2 B
Thailand Restaurant　ラムテテー,						静岡県静岡市葵区紺屋町3-6　平野屋ビルB1F
BISTRO CIRCUS,						静岡県浜松市中区砂山町7-1
Bangkok Cafe （バンコクカフェ）,						静岡県浜松市中区板屋町110-15東洋ビル101
パンガン,						静岡県磐田市上岡田994-13
PHOHANOI second 浜松板屋町店　（フォーハノイセカンド）,						静岡県浜松市中区板屋町104-1　D'sTower 1F
タイタイ,三重県四日市市諏訪栄町9-5
タイレストラン・イサン,三重県鈴鹿市算所1-12-25
クアタイ,三重県四日市市笹川7
タイプ,三重県志摩市阿児町鵜方4050
Phayamengrai （パヤメンライ）,三重県四日市市智積町5942
オリエンタル食堂　アジャム,						三重県松阪市宮町７５－１
アジア食堂　サイゴンカフェ　鈴鹿店,						三重県鈴鹿市三日市町狭間982-1
Mang Mii タイレストラン,						大阪府大阪市淀川区西中島３-15-3
クワンチャイ　タイ食堂茶屋町店,						大阪府大阪市北区茶屋町10-12 NU茶屋町9F
Thai Dining Nana,						大阪府大阪市中央区西心斎橋２-3-21 吉本ビル2F
アジアンビストロ　ＳＰＩＣＥ　スパイス,						大阪府大阪市阿倍野区阪南町５-１６-１０
琉球アジアンバールcyumicyumi,						大阪府大阪市天王寺区玉造元町17-13
Chao Sai Gon　チャオサイゴン　大阪肥後橋店,						大阪府大阪市西区土佐堀１‐２‐１ ＡＰAホテル大阪肥後橋駅前店３０Ｆ
Restaurant RIVE GAUCHE,						大阪府大阪市中央区伏見町３-3-3　芝川ビルＢ1Ｆ
ダイニング居酒屋　グーブ　（Gu-Bu）,						大阪府大阪市東淀川区東中島１-19-11
チャオルア,						大阪府大阪市西区南堀江１－１４－１
タイ料理　JUNO　ジュノー,						大阪府大阪市北区天神橋６丁目５－４
ベトナム　レストラン　LONGDINH (ロンディン) 道頓堀 　,						大阪府大阪市中央区道頓堀１-1-4 笑POINTビル3F
タイ料理レストラン　スウィートバジル,						大阪府大阪市北区大淀南１-11-9　2F 
タイ料理　サワッディー,						大阪府大阪市平野区背戸口５丁目６ー２０　フレンズビル１Ｆ
ベトナム料理ふぉ－の店　枚方店,						大阪府枚方市宮之下町７－２２　ＡＢＣセンター内
ベトナムカフェレストラン　ANNGON　（アンゴン）,						大阪府大阪市中央区南船場４－１１－２４　エミービル2F
ベトナムレストランカフェ　カムオーン,						大阪府大阪市中央区高麗橋２-4-6 大拓ビル1F
ベトナム料理　クアンコムイチイチ　谷9本店　,						大阪府大阪市天王寺区生玉前町1丁目-11マックスビル1F
ベトナム酒場 ビアホイ,						大阪府大阪市北区角田町2-15 城口ビルB1
ベトナム料理 フォーベト,						大阪府大阪市都島区都島本通３-28-13
ベトナム料理　ＡＬＯ<アロー>,						大阪府寝屋川市萱島本町21-11
ケーンルアン,兵庫県尼崎市東園田町5-119-7西田ビル
アジアン食堂 ノルブリンカ,兵庫県神戸市中央区栄町通2-10-3エースビル２Ｆ
コム ベトナム,兵庫県神戸市中央区三宮町1-8-1サンプラザB1
クワンチャイ　芦屋店,						兵庫県芦屋市東芦屋町3-5 芦屋清州プラザ1F
ベトナム＆アジアンフード　LOTUS　ロータス,						兵庫県神戸市中央区中山手通１-23-16-101
Borabora,						兵庫県神戸市中央区下山手通２－１３－９　中華会館２F（TUTAYAの２階）
クワンチャイ　岡本店,						兵庫県神戸市東灘区岡本１-4-3 坂井ビルB1
クワンチャイ　三宮店,						兵庫県神戸市中央区下山手通２-11-5
神戸アジアン食堂バル SALA,						兵庫県神戸市中央区元町通２－３－１６　食堂館　１Ｆ
CHADA THAI RESTAURANT,						兵庫県尼崎市武庫之荘１－２－８　三善ビル１階
クワンチャイカフェ　神戸南店,						兵庫県神戸市兵庫区中之島２-1-1　イオンモール神戸南1F
ANGSUMALIN,						兵庫県芦屋市川西町2-37 芦屋サウザンドビル206
Asian Dining　Da Lat（アジアン　ダイニング　ダラット）,						兵庫県加古川市加古川町備後60-1メゾンソレイユIII　103
プアンタイ,						兵庫県西宮市南越木岩町１２－１８－１０２
パパイヤリーフ　阪急西宮ガーデンズ店,						兵庫県西宮市高松町１４‐２ 阪急西宮ガーデンズ４F 
ロイエット,						兵庫県神戸市中央区加納町４-7-3　GOLD PLAZA
Asian Dining Ha Lang Son　ハーランソン,						兵庫県神戸市中央区元町通２-2-8
アジアンダイニング　アガン,						兵庫県加古川市加古川町大野１０７‐１
Quan An Ngon,						兵庫県神戸市灘区永手町１－４－１６
タイ国料理店　イサラ　西宮,						兵庫県西宮市上大市１－８－１６　レジデンシア甲東園1F
３３３,京都府京都市中京区下丸屋町401-10田中ビル３Ｆ
INDO ASIA DINING,京都府京都市左京区上高野車地町101備前屋ビル１Ｆ
Deep Asia Dining,京都府京都市中京区壬生淵田町10-6
ラックタイ,京都府京都市西京区桂朝日町154
タカ,京都府京都市伏見区深草大亀谷八島町8-24京都教育大学正門前
シャム,京都府京都市中京区西ノ京西鹿垣町6林ビル１Ｆ
ティエム・アン・フォーンヴィエット,京都府京都市中京区押小路東洞院西入ル118
クルーン,京都府京都市左京区田中関田町22-75
キャベツ＆コンドーム,京都府京都市中京区河原町通四条上ル米屋町378
こあの助,京都府京都市左京区田中門前町28吹上ビル２Ｆ
アジアンレストラン 福,京都府長岡京市花山3-28
スアン,京都府京都市中京区御幸町通四条上ル東側大日町416-5-2DECOスリー１Ｆ
ベトナム料理コムゴン 京都,京都府京都市中京区一蓮社町304
南国サンサン食堂,						京都府京都市左京区浄土寺西田町７５　銀閣寺道ビル2F
アオゾラ,						京都府京都市左京区田中門前町２３　K-SIDEビル2F
稲穂食堂,						京都府京都市左京区高野玉岡町33－4
佛沙羅館　（ぶっさらかん）,						京都府京都市下京区木屋町通松原上ル美濃屋町１７３‐１
タイレストラン　イーサン,						京都府京都市上京区今出川通烏丸西入ル今出川町３２５
バーン・リムナーム,						京都府京都市下京区西石垣通四条下がる斉藤町140-28
インド  アジアン  キッチン  ジーラ JEERA,						京都府城陽市平川茶屋裏６－１
タイ料理　Ｔｕｋｕ　Ｔｕｋｕ,滋賀県彦根市日夏町1711-26
タイ料理レストラン ラナハーン 瀬田店,滋賀県大津市大将軍3-24-5メゾン松尾１０２
タイ料理　チャーン,						滋賀県大津市唐崎１－９－３
ベトナムレストラン　アンデップ,						滋賀県草津市新浜町３９４－３エメラルドタウン2F
